Paese,Categoria,Ambito,Titolo,Sku,Prezzo
Germany,Laptops,Home,HP OmniBook 5 16-bf0754ng,C39C1EA,799.0
Germany,Laptops,Home,HP OmniBook 5 14-he0775ng,C78RZEA,1049.0
Germany,Laptops,Home,HP OmniBook 7 17-dc0795n - NVIDIA® GeForce RTX™ 4050,BM9U8EA,1899.0
Germany,Laptops,Home,HP Laptop - 17-cp3775ng (2023),7N1C2EA,829.0
Germany,Laptops,Home,OMEN Transcend Laptop 16-u1776ng (2023),9P1U0EA,2599.0
Germany,Laptops,Home,HP OmniBook X Flip  16-as0774ng,BF9T7EA,1499.0
Germany,Laptops,Home,HP OmniBook 7 16-az0750ng,BM8S7EA,969.01
Germany,Laptops,Home,HP OmniBook 7 AI 16-ay0750ng,BM9T3EA,1099.0
Germany,Laptops,Home,HP OmniBook 7 17-dc0770ng,BM9U7EA,1399.0
Germany,Laptops,Home,HP OmniBook X Flip 14-fk0772ng,BF9S0EA,1299.0
Germany,Laptops,Home,HP OmniBook 5 Flip 14-fp0765ng,BK2Z1EA,929.0
Germany,Laptops,Home,HP Laptop 17-cp2760ng,BU9S6EA,799.0
Germany,Laptops,Home,HP Laptop 15-fd0710ng + 365 Office,BU9R1EA,399.0
Germany,Laptops,Home,OMEN MAX Gaming Laptop 16-ah0793ng,B88QPEA,3299.0
Germany,Laptops,Home,HP OmniBook Ultra Flip 14-fh0740ng,B1FT2EA,1899.0
Germany,Laptops,Home,HP OmniBook Ultra Flip 14-fh0750ng,B1FT3EA,1798.99
Germany,Laptops,Home,OMEN Gaming Laptop 16-am0770ng,C15ZXEA,1699.0
Germany,Laptops,Home,OMEN Gaming Laptop 16-am0720ng,C15ZREA,1499.0
Germany,Laptops,Home,OMEN Gaming Laptop 16-am0730ng,C15ZSEA,1299.0
Germany,Laptops,Home,HP Envy x360 2-in-1 Laptop 16-ad0775ng,A2BQ7EA,1299.0
Germany,Laptops,Home,HP OmniBook 7 AI 16-ay0770ng,BM9T4EA,1399.0
Germany,Laptops,Home,HP OmniBook 7 17-dc0775ng,BM9T6EA,1599.0
Germany,Laptops,Home,HP OmniBook 7 17-dc0780ng,BM9T7EA,1599.0
Germany,Laptops,Home,HP Laptop 15-fc0750ng,BU9Q6EA,599.0
Germany,Laptops,Home,HP Laptop 15-fd0730ng i5,BU9R3EA,749.0
Germany,Laptops,Home,HP Laptop 15-fc0720ng,BU9Q5EA,499.0
Germany,Laptops,Home,HP Laptop 15-fc0755ng,BU9Q7EA,649.0
Germany,Laptops,Home,OMEN MAX Gaming Laptop 16-ak0770ng,BE7F2EA,2499.0
Germany,Laptops,Home,HP OmniBook 5 16-ag1770ng,BH3S6EA,1099.0
Germany,Laptops,Home,Victus Gaming Laptop 16-r1777ng	- NVIDIA® GeForce RTX™ 4070 (2024),9P0Z3EA,1399.0
Germany,Laptops,Home,HP OmniBook 7 17-dc0790ng - NVIDIA® GeForce RTX™ 4050,BM9T8EA,1798.99
Germany,Laptops,Home,HP OmniBook 7 AI 16-ay0790ng,BM8S6EA,1899.0
Germany,Laptops,Home,HP OmniBook 7 Aero 13-bg1790ng,BH3S2EA,1349.0
Germany,Laptops,Home,HP OmniBook 7 Aero 13-bg1770ng,BH3S1EA,1199.0
Germany,Laptops,Home,HP OmniBook 5 16-ag1750ng,BH3S5EA,899.0
Germany,Laptops,Home,HP OmniBook X Flip 16-as0772ng,BF9T5EA,1499.0
Germany,Laptops,Home,HP OmniBook Ultra Flip14-fh0770ng,B2CT2EA,2099.01
Germany,Laptops,Home,HP OmniBook X Flip 14-fm0772ng,BF9S6EA,1349.0
Germany,Laptops,Home,HP OmniBook X Flip 16 as0773ng,BF9T6EA,1599.0
Germany,Laptops,Home,HP OmniBook Ultra Flip 14-fh0797ng,B7WE0EA,1999.0
Germany,Laptops,Home,HP OmniBook Ultra Flip 14-fh0760ng,B1FT4EA,1999.0
Germany,Laptops,Home,HP OmniBook X Flip 16-ar0773ng,BF9T3EA,1549.0
Germany,Laptops,Home,HP Envy x360 2-in-1 Laptop 16-ad0770ng,A2BQ6EA,1299.0
Germany,Laptops,Home,HP OmniBook X Flip 14-fk0750ng,BF9U2EA,999.01
Germany,Laptops,Home,HP Laptop 15-fd0755ng (2023),9H2Q0EA,749.0
Germany,Laptops,Home,OMEN MAX Gaming Laptop 16-ah0760ng,BE7E0EA,2999.0
Germany,Laptops,Home,HP Envy x360 2-in-1 Laptop 14-fa0750ng,A2BN4EA,999.01
Germany,Laptops,Home,HP OmniBook X Flip 14-fm0753ng,BF9S5EA,1299.0
Germany,Laptops,Home,HP OmniBook Ultra Flip 14-fh0730ng,B1FT1EA,1899.0
Germany,Laptops,Home,HP OmniBook Ultra Flip 14-fh0780ng,B2CT3EA,1798.99
Germany,Laptops,Home,HP Envy x360 2-in-1 Laptop 16-ac0770ng,A2BQ3EA,1199.0
Germany,Laptops,Home,HP OmniBook X Flip 14-fk0771ng,BF9R9EA,1199.0
Germany,Laptops,Home,HP Envy x360 2-in-1 Laptop 16-ac0750ng,A2BQ1EA,1329.0
Germany,Laptops,Home,HP OmniBook X Flip 16-as0750ng,BF9T4EA,1099.0
Germany,Laptops,Home,HP OmniBook X Flip 14-fm0752ng,BF9U3EA,999.01
Germany,Laptops,Home,HP OmniBook Ultra Flip 14-fh0710ng,B1FT0EA,1798.99
Germany,Laptops,Home,HP OmniBook X Flip 16-as0771ng,BF9V9EA,1249.0
Germany,Laptops,Home,OMEN MAX Gaming Laptop 16-ah0790ng,BE6G0EA,4499.0
Germany,Laptops,Home,HP OmniBook X Flip 16-ar0772ng,BF9T2EA,1449.0
Germany,Laptops,Home,HP OmniBook X Flip 16-ar0751ng,BF9T0EA,1099.0
Germany,Laptops,Home,HP OmniBook X Flip 14-fm0773ng,BF9U4EA,1449.0
Germany,Laptops,Home,OMEN MAX Gaming Laptop 16-ah0780ng,BE6F9EA,3699.0
Germany,Laptops,Home,OMEN Gaming Laptop 17-db0771ng,A59MWEA,1299.0
Germany,Laptops,Home,HP OmniBook X Flip 14-fm0751ng,BF9S4EA,999.01
Germany,Laptops,Home,HP OmniBook X Flip 14-fm0771ng,BF9V8EA,1299.0
Germany,Laptops,Home,HP OmniBook X Flip 14-fk0773ng,BF9S2EA,1399.0
Germany,Laptops,Home,HP OmniBook X Flip 16-ar0771ng,BF9T1EA,1199.0
Germany,Laptops,Home,Victus Gaming Laptop 16-s1777ng,9T9W5EA,1749.0
Germany,Laptops,Home,OMEN Gaming Laptop 16-wf1774ng - NVIDIA® GeForce RTX™ 4060 (2024),9P0Z5EA,1699.0
Germany,Laptops,Home,HP OmniBook 7 Aero 13-bg1750ng,BH3S0EA,999.01
Germany,Laptops,Home,OMEN Transcend Laptop 16-u1797ng (2023),9P1U1EA,2699.0
Germany,Laptops,Home,HP OmniBook 5 Flip 14-fp0760ng,BK2Z0EA,899.0
Germany,Laptops,Home,HP OmniBook 5 Flip 14-fp0770ng,BK2Z2EA,1099.0
Germany,Laptops,Home,HP OmniBook 5 16-af1770ng,BH3S4EA,1099.0
Germany,Laptops,Home,HP OmniBook 5 16-af1750ng,BH3S3EA,999.01
Germany,Laptops,Home,HP OmniBook 5 Flip 14-fp0750ng,BK2Y9EA,849.01
Germany,Laptops,Home,HP OmniBook 7 14-fr0780ng,BT4D0EA,1399.0
Germany,Laptops,Home,HP Laptop 15-fc0780ng,BU9R0EA,749.0
Germany,Laptops,Home,HP Laptop 17-cp3770ng,BU9S7EA,749.0
Germany,Laptops,Home,OMEN 45L Gaming Desktop GT22-3795ng,BA5G6EA,3999.0
Germany,Laptops,Home,OMEN 35L Gaming Desktop GT16-0776ng PC,BA5G2EA,2499.0
Germany,Laptops,Home,"HP OmniStudio X 27-cs0775ng - 68.6 cm (27"") All-in-One",AQ5P3EA,1699.0
Germany,Laptops,Home,HP Laptop 15-fc0760ng,BU9Q8EA,698.99
Germany,Laptops,Home,HP Laptop 17-cn4751ng,BU9S2EA,698.99
Germany,Laptops,Home,HP Laptop 17-cp3780ng,BU9S8EA,799.0
Germany,Laptops,Home,HP Laptop 17-cn3720ng,BU9T9EA,749.0
Germany,Laptops,Home,HP Laptop 15-fd1771ng,BU9R6EA,698.99
Germany,Laptops,Home,HP Laptop 17-cn4790ng,BU9S4EA,799.0
Germany,Laptops,Home,HP Laptop 15-fd0720ng i5,BU9R2EA,698.99
Germany,Laptops,Home,HP OmniBook 5 16-ag1780ng- Next Gen AI,C2QQ7EA,1199.0
Germany,Laptops,Home,HP Laptop 17-cn3770ng,BU9S1EA,949.0
Germany,Laptops,Home,HP Laptop 17-cn4740ng,BU9T2EA,849.01
Germany,Laptops,Home,HP Laptop 15-fd1751ng,BU9R5EA,849.01
Germany,Laptops,Home,HP Laptop 15-fd1790ng,BU9R7EA,949.0
Germany,Laptops,Home,HP Laptop 15-fd0760ng i7,BV0D3EA,849.01
Germany,Laptops,Home,HP Laptop 15-fc0770ng,BU9Q9EA,698.99
Germany,Laptops,Home,HP Laptop 15-fd0780ng i7,BU9R4EA,899.0
Germany,Laptops,Home,HP Laptop 17-cn3760ng,BU9T4EA,999.01
Germany,Laptops,Home,HP Laptop 17-cn3730ng,BU9S0EA,849.01
Germany,Laptops,Home,HP Laptop 17-cp2750ng,BU9S5EA,649.0
Germany,Laptops,Home,HP Laptop 15-fd1740ng,BU9T8EA,599.0
Germany,Laptops,Home,OMEN 16-ap0793ng,C65DDEA,1699.0
Germany,Laptops,Home,VICTUS 15-fa2750ng,C68WPEA,999.01
Germany,Laptops,Home,OMEN 17-db1771ng,C65DHEA,1599.0
Germany,Laptops,Home,OMEN 14-fb1770ng,C68WNEA,1798.99
Germany,Laptops,Home,OMEN 14-fb1790ng,C65D5EA,2199.0
Germany,Laptops,Home,OMEN 16-ap0790ng,C65D9EA,1499.0
Germany,Laptops,Home,OMEN 16-ap0750ng,C65D8EA,1299.0
Germany,Laptops,Home,OMEN 14-fb1795ng,C65D6EA,2499.0
Germany,Laptops,Home,OMEN 17-db1772ng,C65DJEA,1699.0
Germany,Laptops,Home,OMEN 14-fb1775ng,C65D4EA,1999.0
Germany,Laptops,Home,OMEN 17-db1773ng,C65DKEA,1699.0
Germany,Laptops,Home,VICTUS 15-fb3770ng,C65D7EA,1399.0
Germany,Laptops,Home,OMEN 17-db1770ng,C65DGEA,1999.0
Germany,Laptops,Home,OMEN 16-ap0798ng,C65DFEA,1699.0
Germany,Laptops,Home,VICTUS 15-fa2770ng,C65G0EA,1299.0
Germany,Laptops,Home,OMEN 16-ap0795ng,C68X0EA,1499.0
Germany,Laptops,Home,HP OmniBook 5 LaptopAI 16-af1780ng,BQ2W7EA,1299.0
Germany,Laptops,Home,HP OmniBook 5 14-he0754ng,C39BYEA,849.01
Germany,Laptops,Home,HP OmniBook 5 16-bf0777ng,C78S0EA,1049.0
Germany,Laptops,Home,HP OmniBook 5 LaptopAI 16-af1760ng,BQ2W6EA,999.01
Germany,Laptops,Home,OmniBook 7 14-fr0770ng,BT4C9EA,1199.0
Germany,Laptops,Home,OmniBook 7 14-fr0750ng,BT4C8EA,999.01
Germany,Laptops,Business,"HP EliteBook 6 G1i 16""",AD3L3ET,1141.81
Germany,Laptops,Business,"HP ProBook 4 G1a 16""",CB4M0EA,985.8
Germany,Laptops,Business,"HP EliteBook 6 G1i 16""",CE0S6EA,1652.79
Germany,Laptops,Business,HP 255 G10 Laptop,A23HCEA,839.0
Germany,Laptops,Business,"HP ProBook 4 G1i 14""",CB4M4EA,1289.9
Germany,Laptops,Business,HP ProBook 4 G1i 14,AD2P4ET,919.0
Germany,Laptops,Business,"ZBook X G1i 16"" Workstation",C92Q2ET,3363.26
Germany,Laptops,Business,HP ZBook Ultra 14 Zoll G1a,A3ZV5ET,3699.0
Germany,Laptops,Business,"HP 250R 15,6 Zoll G10",AD1K1ET,698.99
Germany,Laptops,Business,HP ProBook 4 G1a 14,AD2M7ET,909.01
Germany,Laptops,Business,HP EliteBook Ultra 14 G1q,A26TLEA,1499.0
Germany,Laptops,Business,HP ProBook 4 G1i 16,AD2N9ET,1619.0
Germany,Laptops,Business,"HP EliteBook 6 G1a 16""",AD3J9ET,1099.0
Germany,Laptops,Business,HP 255 G10 Laptop,A23HDEA,1005.01
Germany,Laptops,Business,HP EliteBook X G1a 14,B69BHET,2555.0
Germany,Laptops,Business,"HP EliteBook 6 G1a 16""",AD3K1ET,1399.0
Germany,Laptops,Business,HP EliteBook X Flip G1i 14,B69BLET,2249.0
Germany,Laptops,Business,"HP EliteBook 8 G1i 14""",AD3G8ET,1429.0
Germany,Laptops,Business,"HP 250 15,6 Zoll G10",A23M5EA,950.75
Germany,Laptops,Business,"HP 250 15,6 Zoll G10",A23M6EA,799.0
Germany,Laptops,Business,"HP EliteBook 8 G1i 16""",AD3J1ET,2294.92
Germany,Laptops,Business,"HP 255R 15,6 Zoll G10",AD1K2ET,695.0
Germany,Laptops,Business,"HP EliteBook 6 G1q 14""",AD3L8ET,1595.0
Germany,Laptops,Business,"HP EliteBook 6 G1i 13.3""",AD3K5ET,1266.16
Germany,Laptops,Business,"HP EliteBook 6 G1i 14""",AD3K9ET,1266.16
Germany,Laptops,Business,"ZBook X G1i 16"" Workstation",C9MC0ET,3259.01
Germany,Laptops,Business,"HP EliteBook 6 G1i 14""",AD3L0ET,1424.43
Germany,Laptops,Business,"HP EliteBook 6 G1i 16""",AD3L5ET,1435.74
Germany,Laptops,Business,"HP EliteBook 6 G1i 16""",CE0S5EA,1770.36
Germany,Laptops,Business,"HP EliteBook 6 G1a 14""",AD3J2ET,1069.0
Germany,Laptops,Business,"HP EliteBook 6 G1a 14""",AD3J4ET,1365.0
Germany,Laptops,Business,"HP EliteBook 6 G1a 14""",AD3J8ET,1599.0
Germany,Laptops,Business,"HP EliteBook 8 G1a 13""",AD3E5ET,1849.0
Germany,Laptops,Business,"HP EliteBook 8 G1a 14""",AD3E8ET,1749.0
Germany,Laptops,Business,"ZBook 8 G1i 14"" Workstation",A3ZU8ET,2154.99
Germany,Laptops,Business,"HP EliteBook 8 G1a 14""",AD3F2ET,2299.0
Germany,Laptops,Business,"HP EliteBook 8 G1i 16""",CE0R6EA,1499.0
Germany,Laptops,Business,"HP EliteBook 8 G1a 14""",AD3F0ET,1879.0
Germany,Laptops,Business,"ZBook 8 G1a 14"" Workstation",B72Y5ET,1925.66
Germany,Laptops,Business,"HP ProBook 4 G1i 16""",CB4L8EA,1575.0
Germany,Laptops,Business,"HP EliteBook 8 G1a 16""",AD3F3ET,1409.0
Germany,Laptops,Business,"HP ProBook 4 G1i 16""",CB4L9EA,989.0
Germany,Laptops,Business,HP EliteBook X G1a 14,B66TFAT,2054.98
Germany,Laptops,Business,"HP EliteBook 8 G1a 16""",AD3F7ET,1999.0
Germany,Laptops,Business,"HP EliteBook 8 G1a 16""",AD3F9ET,2399.0
Germany,Laptops,Business,"ZBook 8 G1i 14"" Workstation",B72Y0ET,2099.01
Germany,Laptops,Business,"HP EliteBook 8 G1i 13""",AD3G6ET,1798.99
Germany,Laptops,Business,"HP ProBook 4 G1q  14""",AD2P2ET,1165.0
Germany,Laptops,Business,"HP EliteBook 8 G1i 14""",AD3H1ET,1798.99
Germany,Laptops,Business,HP ProBook 4 G1i 14,AD2N3ET,1009.0
Germany,Laptops,Business,"ZBook 8 G1i 16"" Workstation",A3ZT6ET,2149.0
Germany,Laptops,Business,HP EliteBook 8 G1i 14 inch Notebook AI PC,CE0R7EA,1819.0
Germany,Laptops,Business,HP EliteBook Ultra G1i 14,B66TGAT,1949.01
Germany,Laptops,Business,"HP ProBook 4 G1i 14""",AD2N5ET,1159.0
Germany,Laptops,Business,"HP EliteBook 8 G1i 14""",AD3H3ET,1899.0
Germany,Laptops,Business,"HP ProBook 4 G1i 16""",AD2P0ET,1174.99
Germany,Laptops,Business,"HP ProBook 4 G1q 14""",CB4L7EA,1599.0
Germany,Laptops,Business,HP ProBook 4 G1i 16,AD2P6ET,939.01
Germany,Laptops,Business,HP EliteBook X Flip G1i 14,B69BMET,1849.0
Germany,Laptops,Business,"ZBook Fury G1i 16"" Workstation",98L80ET,5129.0
Germany,Laptops,Business,"ZBook 8 G1i 14"" Workstation",B72Y1ET,1479.0
Germany,Laptops,Business,"ZBook 8 G1i 14"" Workstation",A3ZU6ET,1935.0
Germany,Laptops,Business,"HP EliteBook 8 G1i 14""",AD3H4ET,2199.0
Germany,Laptops,Business,"HP ProBook 4 G1i 16""",CB4M2EA,1075.0
Germany,Laptops,Business,"ZBook 8 G1i 16"" Workstation",B72Y3ET,2399.0
Germany,Laptops,Business,HP ProBook 4 G1i 16,AD2N7ET,1019.0
Germany,Laptops,Business,"ZBook Fury G1i 18"" Workstation",98L73ET,4579.0
Germany,Laptops,Business,"ZBook Fury G1i 16"" Workstation",98L79ET,4495.0
Germany,Laptops,Business,HP ZBook X G1i 16 Zoll Mobiler Workstation-PC,B72W4ET,2499.0
Germany,Laptops,Business,"ZBook 8 G1i 16"" Workstation",A3ZT7ET,2399.0
Germany,Laptops,Business,"ZBook 8 G1i 14"" Workstation",A3ZU5ET,2395.01
Germany,Laptops,Business,"ZBook Fury G1i 18"" Workstation",98L72ET,3939.0
Germany,Laptops,Business,HP ProBook 4 G1a 14,AD2M8ET,1059.0
Germany,Laptops,Business,"HP ProBook 4 G1a 16""",AD2N0ET,915.0
Germany,Laptops,Business,HP ZBook Fury G1i 16 Zoll Mobile Workstation PC,C92VWET,5099.0
Germany,Laptops,Business,HP ZBook Ultra 14 Zoll G1a,A3ZQ2ET,3099.0
Germany,Laptops,Business,"ZBook Fury G1i 16"" Workstation",98L75ET,3089.0
Germany,Laptops,Business,"HP ProBook 4 G1a 14""",CB4M5EA,1054.99
Germany,Laptops,Business,"ZBook 8 G1i 16"" Workstation",A3ZT9ET,1888.99
Germany,Laptops,Business,"ZBook Fury G1i 18"" Workstation",C91SVET,5349.0
Germany,Laptops,Business,"ZBook X G1i 16"" Workstation",C92Q1ET,2509.0
Germany,Laptops,Business,HP ProBook 4 G1a 16,AD2N1ET,1059.0
Germany,Laptops,Business,"ZBook 8 G1a 14"" Workstation",A3ZT2ET,2245.49
Germany,Laptops,Business,"ZBook 8 G1i 16"" Workstation",A3ZU0ET,2589.0
Germany,Laptops,Business,HP ZBook Ultra 14 Zoll G1a,A3ZQ1ET,2899.02
Germany,Laptops,Business,"ZBook 8 G1a 14"" Workstation",A3ZT4ET,2299.0
Germany,Laptops,Business,"ZBook 8 G1as 14"" Workstation",B72Y2ET,1979.01
Germany,Laptops,Business,HP ZBook X G1i 16 Zoll Mobiler Workstation-PC,B72W1ET,3099.0
Germany,Laptops,Business,HP ZBook Ultra 14 Zoll G1a,A3ZQ3ET,2399.0
Germany,Laptops,Business,"ZBook 8 G1i 14"" Workstation",A3ZV4ET,2499.0
Germany,Laptops,Business,HP ZBook Ultra 14 Zoll G1a,A3ZQ0ET,2699.03
Germany,Laptops,Business,HP ZBook X G1i 16 Zoll Mobiler Workstation-PC,B72W2ET,2859.0
Germany,Laptops,Business,HP EliteBook X G1i 14,B69BJET,1999.0
Germany,Laptops,Business,HP ZBook X G1i 16 Zoll Mobiler Workstation-PC,B72W3ET,2599.0
Germany,Laptops,Business,HP ProBook 460 G11 Latop-PC,A23HKEA,1041.19
Germany,Laptops,Business,HP EliteBook 845 G11 Laptop-PC,A26TTEA,1729.67
Germany,Laptops,Business,HP ProBook 440 G11 Laptop-PC,A23HGEA,1253.72
Germany,Laptops,Business,HP EliteBook 1040 14 Zoll G11,A26U1EA,1599.0
Germany,Laptops,Business,HP ProBook 460 Laptop PC,A23HJEA,1099.0
Germany,Laptops,Business,HP Elite x360 1040 14 Zoll G11 2-in-1,A26U2EA,2799.0
Germany,Laptops,Business,HP Pro x360 435 G10 2-in-1,9V1F4AT,1078.5
Germany,Laptops,Business,HP 255 G10 Laptop,A23HBEA,578.99
Germany,Laptops,Business,HP ZBook Firefly 16 G11,8T0Y8EA,2575.29
Germany,Laptops,Business,"HP 250 15,6 Zoll G10",816F9EA,575.0
Germany,Laptops,Business,HP ZBook Firefly 14 G11,8T0Z0EA,2536.56
Germany,Laptops,Business,HP ZBook Firefly 14 G11,8T0Y6EA,2499.0
Germany,Laptops,Business,HP Pro x360 435 G10 2-in-1,8V6M5AT,799.0
Germany,Laptops,Business,HP ZBook Firefly 14 G11,86B07EA,2369.0
Germany,Laptops,Business,HP ZBook Firefly 14 G11,86B04EA,1598.99
Germany,Laptops,Business,HP EliteBook 645 G11 Laptop-PC,9C0H4EA,1299.0
Germany,Laptops,Business,HP EliteBook 830 G11 Laptop-PC,9G0K3ET,1300.08
Germany,Laptops,Business,HP ZBook Firefly 16 G11,86B08EA,1979.03
Germany,Laptops,Business,HP ZBook Power 16 G11 A,86B23EA,2149.0
Germany,Laptops,Business,HP ZBook Power16 G11 A,86B21EA,2999.0
Germany,Laptops,Business,HP ZBook Power 16 G11,86B28EA,1798.99
Germany,Laptops,Business,HP Elite x360 1040 14 Zoll G11 2-in-1,A26V9EA,1955.0
Germany,Laptops,Business,HP ZBook Studio 16 G11,8S9P8EA,3338.97
Germany,Laptops,Business,HP ZBook Studio 16 G11,8S9P9EA,2979.0
Germany,Laptops,Business,HP ZBook Studio 16 G11,8S9Q0EA,3499.0
Germany,Laptops,Business,HP EliteBook 1040 14 Zoll G11,A26QMEA,1688.97
Germany,Laptops,Business,HP Elite x360 1040 14 Zoll G11 2-in-1,A26QREA,1888.99
Germany,Laptops,Business,HP ZBook Power 16 G11,8T0Z6EA,3099.0
Germany,Laptops,Business,HP Fortis 11 Zoll G10 Chromebook,5P9R2EA,448.81
Germany,Laptops,Business,"ZBook 8 G1i 16"" Workstation",B72Y4ET,2599.0
Germany,Desktops,Home,OMEN 45L Gaming Desktop PC GT22-3097ng - NVIDIA® GeForce RTX™ 5090,BA2U6EA,5499.0
Germany,Desktops,Home,HP OmniStudio X All-in-One 32-c1770ng Desktop PC,B8SY0EA,1798.99
Germany,Desktops,Home,OMEN 16L Gaming Desktop TG03-0750ng PC,B8SY7EA,1249.0
Germany,Desktops,Home,HP OmniDesk Desktop AI M03-0790ng PC + HP Carepack für 3 Jahre Abhol- & Lieferservice für Desktops PCs der Serie HP Essential & OmniDesk,,1313.99
Germany,Desktops,Home,"HP 27-cr0702ng - 68,6 cm (27"") All-in-One (2023)",891G6EA,1099.0
Germany,Desktops,Home,"HP OmniStudio X 27-cs0770ng - 68.6 cm (27"") All-in-One",AQ5P2EA,1499.0
Germany,Desktops,Home,HP All-in-One 24-cr0781ng PC,B19H1EA,777.0
Germany,Desktops,Home,"HP OmniStudio X 27-cs0775ng - 68.6 cm (27"") All-in-One",AQ5P3EA,1699.0
Germany,Desktops,Home,HP OmniDesk Desktop AI M03-0790ng PC,B8SY5EA,1299.0
Germany,Desktops,Home,"HP OmniStudio X 32-c0777ng - 80.01 cm (31.5"") All-in-One",AQ5P5EA,2299.0
Germany,Desktops,Home,OMEN 45L Gaming Desktop GT22-3795ng,BA5G6EA,3999.0
Germany,Desktops,Home,"HP 27-cr0701ng - 68,6 cm (27"") All-in-One (2023)",891G5EA,849.01
Germany,Desktops,Home,"HP 27-cr1750ng - 68,6 cm (27"") All-in-One",A12Q7EA,777.0
Germany,Desktops,Home,OMEN 45L Gaming Desktop GT22-3775ng,BA5G5EA,3899.0
Germany,Desktops,Home,"HP OmniStudio X 27-cs0755ng - 68.6 cm (27"") Touchscreen All-in-One",AQ5P1EA,1399.0
Germany,Desktops,Home,HP OmniStudio X All-in-One Desktop Next Gen AI 27-cs1770ng PC,B8SX9EA,1599.0
Germany,Desktops,Home,HP OmniDesk Desktop M02-0755ng PC,B8SY2EA,949.0
Germany,Desktops,Home,OMEN 35L Gaming Desktop GT16-0779ng PC,BA5G4EA,3499.0
Germany,Desktops,Home,"HP 27-cr1770ng - 68,6 cm (27"") All-in-One",A12Q9EA,1099.0
Germany,Desktops,Home,HP OmniDesk Desktop M02-0775ng PC,B8SY4EA,1099.0
Germany,Desktops,Home,OMEN 35L Gaming Desktop GT16-0776ng PC,BA5G2EA,2499.0
Germany,Desktops,Home,OMEN 35L Gaming Desktop GT16-0778ng PC,BA5G3EA,3048.99
Germany,Desktops,Home,HP All-in-One 27-cr0775ng PC,B2BD4EA,899.0
Germany,Desktops,Home,"HP OmniStudio X 32-c0770ng - 80.01 cm (31.5"") All-in-One",AQ5P4EA,1798.99
Germany,Desktops,Home,HP OmniDesk Desktop M02-0770ng PC,B8SY3EA,1199.0
Germany,Desktops,Home,HP OmniDesk Desktop M02-0750ng PC,B8SY1EA,899.0
Germany,Desktops,Home,"HP 24-cr1770ng - 60,5 cm (23,8"") All-in-One",A12Q6EA,999.01
Germany,Desktops,Home,OMEN 35L VALORANT Limited Edition Gaming Desktop PC,C52PWEA,1999.0
Germany,Desktops,Home,OMEN 1000-W-Netzteil – ATX 3.1 vollständig modular 80 Plus Gold,A4WK3AA,199.99
Germany,Desktops,Business,HP ProDesk 2 Tower G1a,B6YK2ET,698.99
Germany,Desktops,Business,HP Pro 400 G9,CP9G2EA,1332.86
Germany,Desktops,Business,HP Pro Mini 400 G9 Desktop PC,938A6EA,769.0
Germany,Desktops,Business,HP ProDesk 4 Mini G1i,B6YZ5ET,1099.0
Germany,Desktops,Business,HP EliteDesk 8 Mini G1i,623K0ET,999.01
Germany,Desktops,Business,HP Pro Tower 400 G9 Desktop-PC,882C2EA,1213.03
Germany,Desktops,Business,HP ProDesk 4 G1i,9H7M3ET,949.0
Germany,Desktops,Business,HP EliteDesk 8 G1i,99M82ET,1319.0
Germany,Desktops,Business,HP ProOne 440 G9 All-in-One-PC,937G7EA,1169.0
Germany,Desktops,Business,HP Pro Mini 260 G9 Desktop-PC,938A4EA,849.01
Germany,Desktops,Business,HP Pro Mini 260 G9 Desktop-PC,938A2EA,806.05
Germany,Desktops,Business,HP Elite Desk 8 Mini G1a,999A3ET,1837.06
Germany,Desktops,Business,HP Pro Tower 400 G9 Desktop-PC,882B9EA,725.0
Germany,Desktops,Business,HP Pro Tower 400 G9 Desktop-PC,882C0EA,1035.54
Germany,Desktops,Business,HP Z2 Tower G9 Workstation,8T1U9EA,3335.0
Germany,Desktops,Business,HP Pro Mini 400 G9 Desktop PC,938A7EA,799.0
Germany,Desktops,Business,HP Pro Tower 400 G9 Desktop-PC,882C4EA,1299.0
Germany,Desktops,Business,HP ProOne 440 G9 All-in-One-PC,937G5EA,1315.9
Germany,Desktops,Business,HP Pro Mini 400 G9 Desktop-PC,937T9EA,744.94
Germany,Desktops,Business,HP ProOne 440 G9 All-in-One-PC,937G6EA,1131.63
Germany,Desktops,Business,HP Z2 Mini G9 Workstation,8T1L3EA,3255.0
Germany,Desktops,Business,HP Z2 Tower G9 Workstation,8T1K4EA,2849.0
Germany,Desktops,Business,HP Pro Mini 400 G9 Desktop-PC,937U0EA,768.74
Germany,Desktops,Business,HP Pro Mini 400 G9 Desktop-PC,9M9A9AT,829.0
Germany,Desktops,Business,HP Z2 Tower G9 Workstation,8T1K3EA,2128.91
Germany,Desktops,Business,HP Z2 Tower G9 Workstation,86D58EA,1648.99
Germany,Desktops,Business,HP Pro Tower 400 G9 Desktop-PC,882B8EA,1499.0
Germany,Desktops,Business,HP Pro Mini 400 G9 Desktop PC,938A5EA,884.05
Germany,Desktops,Business,HP Z2 Tower G9 Workstation,8T1U8EA,3594.56
Germany,Desktops,Business,HP Elite Mini 805 G8 Desktop PC,9N6U9AT,799.03
Germany,Desktops,Business,HP Elite SFF 805 G9 Desktop PC,9N7E8AT,875.0
Germany,Desktops,Business,HP Pro Tower 400 G9 Desktop-PC,881Z2EA,998.41
Germany,Desktops,Business,HP Z4 G5 Workstation-PC,5E8X5EA,6450.95
Germany,Desktops,Business,HP Z4 G5 Workstation-PC,5E8X4EA,4979.04
Germany,Desktops,Business,HP Z2 Mini G9 Workstation,8T1V3EA,1949.01
Germany,Desktops,Business,HP Z2 Mini G1i Workstation,A40LPET,2509.0
Germany,Desktops,Business,HP Z2 Mini G1a Workstation,A40MYET,2599.0
Germany,Desktops,Business,HP Z2 Mini G1a Workstation,A40MXET,2109.0
Germany,Desktops,Business,HP Z2 Mini G1i Workstation,A40LRET,1599.0
Germany,Desktops,Business,HP Z2 Mini G1i Workstation,A40LTET,1999.0
Germany,Desktops,Business,HP Elite t655 Thin Client-Paket,5H0U9EA,617.54
Germany,Desktops,Business,HP Z2 Tower G1i Workstation,A40MCET,3219.0
Germany,Desktops,Business,HP EliteDesk 8 Mini G1i,623J9ET,879.01
Germany,Desktops,Business,HP Z1 Tower G1i Desktop PC,A40SZET,1949.01
Germany,Desktops,Business,HP ProDesk 4 G1i,9H7M5ET,1119.0
Germany,Desktops,Business,HP Z2 Tower G1i Workstation,A40MLET,1699.0
Germany,Desktops,Business,HP ProDesk 4 SFF G1i,9H7L4ET,899.0
Germany,Desktops,Business,HP Z2 Tower G1i Workstation,A40MHET,3299.0
Germany,Desktops,Business,HP EliteDesk 8 G1i,A55N9ET,1399.0
Germany,Desktops,Business,HP Z2 Tower G1i Workstation,A40MDET,3045.0
Germany,Desktops,Business,HP Elite Desk 8 Mini G1a,999A2ET,979.0
Germany,Desktops,Business,HP EliteDesk 8 SFF G1i,99M77ET,1129.0
Germany,Desktops,Business,HP EliteDesk 8 SFF G1i,99M76ET,999.01
Germany,Desktops,Business,HP Z1 Tower G1i Desktop PC,A40SYET,1449.0
Germany,Desktops,Business,HP EliteStudio 8 AiO G1i,A55P1ET,1599.0
Germany,Desktops,Business,HP ProDesk 4 Mini G1i,B6YZ6ET,1029.0
Germany,Desktops,Business,HP Z1 Tower G1i Desktop PC,A40T1ET,1919.01
Germany,Desktops,Business,HP EliteStudio 8 AiO G1i,A55P3ET,1759.0
Germany,Desktops,Business,HP Z2 Tower G1i Workstation,A40MJET,2579.0
Germany,Desktops,Business,HP ProDesk 4 SFF G1i,9H7M1ET,1187.03
Germany,Desktops,Business,HP EliteStudio 8 AiO G1i,A55R3ET,1469.0
Germany,Desktops,Business,HP ProDesk 4 Mini G1i,B6YZ8ET,789.01
Germany,Desktops,Business,HP EliteDesk 8 G1i,99M79ET,1039.0
Germany,Desktops,Business,HP Z2 Tower G1i Workstation,A40MBET,3699.0
Germany,Desktops,Business,HP ProDesk 4 G1i,9H7M6ET,1099.0
Germany,Desktops,Business,HP Z2 Tower G1i Workstation,A40MQET,3849.0
Germany,Desktops,Business,HP Z2 Tower G1i Workstation,A40MKET,2209.0
Germany,Desktops,Business,HP EliteDesk 8 Mini G1i,623K2ET,1755.0
Germany,Desktops,Business,HP ProStudio 4 AiO G1i,BY6V9ET,1229.0
Germany,Desktops,Business,HP EliteDesk 8 Mini G1a,CP9G8EA,1747.75
Germany,Desktops,Business,HP Z2 Tower G1i Workstation,C9MU1ET,2898.98
Germany,Desktops,Business,HP Pro 400 Mini G9,CP9G4EA,1268.42
Germany,Desktops,Business,HP ProDesk 2 G1a,CP9F7EA,1372.43
Germany,Desktops,Business,HP Pro 400 G9 SFF,CP9J4EA,999.01
Germany,Desktops,Business,HP Pro 400 G9,CP9G0EA,1099.0
Germany,Desktops,Business,HP Elite 800 G9,CP9H4EA,2201.08
Germany,Desktops,Business,HP Elite 800 G9,CP9H1EA,1580.44
Germany,Desktops,Business,HP Z2 Tower G1i Workstation,C9MH2ET,2448.98
Germany,Desktops,Business,HP Z1 Tower G1i Workstation,C9MH1ET,2355.01
Germany,Desktops,Business,HP ProStudio 4 AiO G1i,BY6V7ET,1079.0
Germany,Desktops,Business,HP Pro 400 G9,CP9F8EA,999.01
Germany,Desktops,Business,HP Pro 400 Mini G9,CP9G3EA,1546.52
Germany,Desktops,Business,HP Elite 800 Mini G9,CP9H2EA,1566.87
Germany,Desktops,Business,HP ProStudio 4 AiO G1i,BY6W0ET,1299.0
Germany,Desktops,Business,HP Pro 400 G9,CP9F9EA,1029.0
Germany,Desktops,Business,HP Pro 400 G9,CP9G1EA,1171.2
Germany,Desktops,Business,HP ProDesk 2 G1i,CP9F6EA,1346.43
Germany,Desktops,Business,HP ProStudio 4 AiO G1i,CP9H7EA,1713.84
Germany,Monitors,Home,OMEN Transcend 32 - 31.5 Zoll; UHD; 240Hz; OLED,9R181E9,1399.0
Germany,Monitors,Home,HP Serie 5 - 527sw - 27 Zoll; FHD,94F46AA,189.0
Germany,Monitors,Home,"HP Serie 5 - 524sh - 23,8 Zoll; höhenverstellbar; FHD",94C19AA,139.0
Germany,Monitors,Home,HP Serie 5 - 527sh - 27 Zoll; höhenverstellbar; FHD,94C50E9,164.99
Germany,Monitors,Home,"HP Serie 5 - 524sf - 23,8 Zoll; FHD",94C17E9,139.0
Germany,Monitors,Home,"OMEN 32q - 31,5 Zoll; QHD; 165 Hz",780K0E9,280.0
Germany,Monitors,Home,HP Serie 5 - 527sf - 27 Zoll; FHD,94F44E9,169.0
Germany,Monitors,Home,"HP Serie 5 31,5-Zoll-Monitor FHD",94F50E9,199.0
Germany,Monitors,Home,OMEN 27k - 27 Zoll; UHD; 144 Hz,780G8E9,419.99
Germany,Monitors,Home,"OMEN 32c - 31,5 Zoll; QHD; 165Hz; Curved",780K6E9,279.0
Germany,Monitors,Home,"HP Serie 5 - 524sh - 23,8 Zoll; höhenverstellbar; FHD",94C19E9,139.0
Germany,Monitors,Home,HP Serie 5 - 527sa - 27 Zoll; inkl. Lautsprechern; FHD,94F48E9,139.99
Germany,Monitors,Home,OMEN 34c G2 - 34 Zoll; WQHD; 180 Hz; Curved,AV4C1E9,499.0
Germany,Monitors,Home,OMEN 27q G2 - 27 Zoll; QHD; 180 Hz,AV4H6E9,333.0
Germany,Monitors,Home,OMEN 27q - 27 Zoll; QHD; 165 Hz,780H4E9,333.0
Germany,Monitors,Home,OMEN 27 - 27 Zoll; FHD; 165 Hz,780F9E9,229.0
Germany,Monitors,Home,OMEN 27qs G2 - 27 Zoll; QHD; 280 Hz,AW3V0E9,479.0
Germany,Monitors,Home,OMEN 27 G2 - 27 Zoll; FHD; 180 Hz,AV4K1E9,229.0
Germany,Monitors,Home,"HP-Serie 5 – 524sf - 23,8 Zoll; FHD",94C17AA,169.0
Germany,Monitors,Home,"OMEN 24 - 60,5 cm (23,8"") FHD 165 Hz Gaming-Monitor",780D9E9,179.0
Germany,Monitors,Home,OMEN 32x - 32 Zoll; UHD; OLED; 144 Hz,99Z68E9,899.0
Germany,Monitors,Home,OMEN 34c - 34 Zoll; WQHD; 165Hz,780K8AA,499.0
Germany,Monitors,Home,OMEN 27q - 27 Zoll; QHD; 165Hz,780H4AA,333.0
Germany,Monitors,Home,HP Serie 5 - 532sf - 32 Zoll; FHD; 100Hz,94F50AA,249.0
Germany,Monitors,Home,HP Serie 5 - 527sw - 27 Zoll; FHD; 100Hz,94F46E9,159.0
Germany,Monitors,Business,HP Serie 7 Pro - 724pu - 24 Zoll; WUXGA; USB-C,8Y2F7AA,369.0
Germany,Monitors,Business,"HP E27m G4 68,6 cm (27"") QHD Conferencing-Monitor mit Docking-Features, Speaker & IR-Webcam",40Z29AA,349.0
Germany,Monitors,Business,HP Serie 5 Pro - 527pm - 27 Zoll; QHD; USB-C; Konferenzmonitor,9E0Y9UT,429.0
Germany,Monitors,Business,"HP Serie 7 Pro - 724pf - 23,8 Zoll; FHD",8X530AA,235.0
Germany,Monitors,Business,HP Serie 7 Pro - 727pk - 27 Zoll; 4K; Thunderbolt 4,8J9G2AA,578.99
Germany,Monitors,Business,"HP Serie 7 Pro - 740pm - 39,7 Zoll; 5K2K; Konferenzmonitor",8Y2R2AA,1525.0
Germany,Monitors,Business,"HP E24 G5 60,5 cm (23,8"") FHD-Monitor",6N6E9AA,151.99
Germany,Monitors,Business,"HP E45c G5 113 cm (44.5"") DQHD Curved Monitor",6N4C1AA,1029.0
Germany,Monitors,Business,"HP E27 G5 68,6 cm (27"") FHD-Monitor",6N4E2AA,165.01
Germany,Monitors,Business,"HP P34hc G4 86,36 cm (34"") Curved USB-C WQHD-Monitor",21Y56AA,385.0
Germany,Monitors,Business,HP Series 3 Pro - 322pv - 22 Zoll; FHD; 100 Hz,9U5A2AA,136.79
Germany,Monitors,Business,"HP Serie 5 Pro - 524pm - 23,8 Zoll; FHD; USB-C; Konferenzmonitor",9E0G9UT,325.0
Germany,Monitors,Business,HP Serie 7 Pro - 724pn - 24 Zoll; WUXGA,8X534AA,250.0
Germany,Monitors,Business,"HP E24m G4 - 60,45 cm (23,8""); FHD; Conferencing-Monitor mit Docking-Features, Speaker & IR-Webcam",40Z32AA,269.0
Germany,Monitors,Business,"HP E14 G4 35,56 cm (14"") Tragbarer FHD-Monitor",1B065AA,289.0
Germany,Monitors,Business,"HP E32k G5 80 cm (31.5"") 4K USB-C Monitor",6N4D6AA,458.99
Germany,Monitors,Business,"HP E27k G5 68.6 cm (27"") 4K USB-C Monitor",6N4C4AA,389.0
Germany,Monitors,Business,"HP E24t G5 60.5 cm (23.8"") FHD Touch Monitor",6N6E6AA,245.0
Germany,Monitors,Business,"HP Serie 7 Pro - 732pk - 31,5 Zoll; 4K; Thunderbolt 4",8Y2K9AA,869.0
Germany,Monitors,Business,HP Serie 7 Pro - 727pm - 27 Zoll; 4K; Konferenzmonitor,8K135AA,799.0
Germany,Monitors,Business,HP Serie 7 Pro - 727pq - 27 Zoll; QHD,8J4D8UT,420.0
Germany,Monitors,Business,HP Serie 7 Pro - 734pm - 34 Zoll; WQHD; Konferenzmonitor,8K157UT,945.0
Germany,Monitors,Business,HP Serie 7 Pro - 727pu - 27 Zoll; QHD; Thunderbolt 4,8J9E6UT,518.99
Germany,Monitors,Business,HP Serie 5 Pro - 534pm - 34 Zoll; WQHD; USB-C; Konferenzmonitor,9E0Z2UT,599.0
Germany,Monitors,Business,HP Serie 5 Pro - 527pq - 27 Zoll; QHD,9D9S0UT,264.0
Germany,Monitors,Business,"HP Serie 5 Pro - 524pf - 23,8 Zoll; FHD",9D9L6UT,179.0
Germany,Monitors,Business,HP Serie 5 - 527da - 27 Zoll; FHD,B11W6AT,157.14
Germany,Monitors,Business,"HP Serie 5 - 524da - 23,8 Zoll; FHD",B11W5AT,136.79
Germany,Monitors,Business,HP Serie 5 Pro - 524pn - 24 Zoll; WUXGA; 100Hz,9D9A7AA,199.0
Germany,Monitors,Business,HP Series 3 Pro - 327ph - 27 Zoll; inkl. Lautsprecher; FHD; 100 Hz,B0CG8UT,149.0
Germany,Monitors,Business,HP Series 3 Pro - 327pe - 27 Zoll; inkl. Lautsprecher; FHD; 100 Hz,B1GM6AA,159.0
Germany,Monitors,Business,HP Series 3 Pro - 324ph - 24 Zoll; inkl. Lautsprecher; FHD; 100 Hz,B0BU9UT,135.01
Germany,Monitors,Business,HP Series 3 Pro - 324pe - 24 Zoll; inkl. Lautsprecher; FHD; 100 Hz,B1GM5AA,149.0
France,Laptops,Home,PC Portable HP Pavilion 16-af0019nf - Ecran OLED 120Hz,A94WNEA,1099.0
France,Laptops,Home,PC Portable IA Nouvelle Génération HP OmniBook 5 14-he0012nf,C1ER6EA,1199.0
France,Laptops,Home,PC Portable IA Nouvelle Génération 2 en 1 HP Omnibook Ultra Flip 14-fh0004nf - Extension de garantie 3 ans incluse,B1NW7EA,1899.0
France,Laptops,Home,PC Portable Gaming OMEN 17-db1025nf - NVIDIA GeForce RTX 5060,BM9Y2EA,1749.0
France,Laptops,Home,PC Portable IA Nouvelle Génération HP OmniBook 5 16-ag1005nf,C58YNEA,1099.0
France,Laptops,Home,PC Portable Gaming OMEN17-db1000nf - NVIDIA GeForce RTX 5070,BM9W8EA,2099.0
France,Laptops,Home,PC Portable Gaming OMEN MAX 16-ak0008nf - NVIDIA® GeForce RTX™ 5070 Ti,BE6V7EA,2549.0
France,Laptops,Home,PC Portable Gaming OMEN 16-am0055nf  - NVIDIA® GeForce RTX™ 5070 + Casque filaire gaming HyperX Cloud II - Noir/Rouge,,1499.01
France,Laptops,Home,"PC Portable IA Nouvelle Génération HP OmniBook 5 14-he0013nf + Housse de protection réversible - Argenté - Pour les 15,6""",,799.0
France,Laptops,Home,"PC Portable HP OmniBook 5 16-ba1015nf + Sacoche HP Renew Business - Noir - 15,6 pouces",,749.0
France,Laptops,Home,PC Portable IA Nouvelle Génération HP OmniBook 5 16-bf0008nf + Souris Bluetooth Lunar HP 240,,798.99
France,Laptops,Home,PC Portable HP OmniBook 5 16-ba1001nf + Souris Bluetooth Lunar HP 240,,598.99
France,Laptops,Home,"PC Portable HP 17-cp2053nf + Sac à dos HP Renew Business 17,3""",,548.99
France,Laptops,Home,"PC Portable HP 17-cp3022nf + Sac à dos HP Renew Business 17,3""",,649.0
France,Laptops,Home,HP Laptop 17-cn3069nf + Souris sans fil HP Z3700 - Argent,,749.0
France,Laptops,Home,HP Laptop 17-cn4004nf + Souris sans fil HP Z3700 - Argent,,599.01
France,Laptops,Home,PC Portable HP 15-fd1012nf + Souris sans fil HP Z3700 - Argent,,579.0
France,Laptops,Home,"PC Portable HP 15-fc0117nf + Sacoche HP Prelude - Noir - 15,6 pouces",,699.0
France,Laptops,Home,"PC Portable HP 15-fc0113nf  + Sacoche HP Prelude - Noir - 15,6 pouces",,528.99
France,Laptops,Home,"PC Portable HP 15-fc0160nf + Sacoche HP Prelude - Noir - 15,6 pouces",,679.0
France,Laptops,Home,"PC Portable HP 15-fc0161nf + Sacoche HP Prelude - Noir - 15,6 pouces",,649.01
France,Laptops,Home,"PC Portable HP 15-fc0162nf + Sacoche HP Prelude - Noir - 15,6 pouces",,529.01
France,Laptops,Home,HP Laptop 14-ep0057nf + Housse de protection HP Renew Business - Noir - 14 pouces,,749.0
France,Laptops,Home,PC Portable 2 en 1 HP OmniBook 5 Flip 14-fp0009nf,BG7J5EA,899.0
France,Laptops,Home,PC Portable HP 17-cp2054nf,C58YREA,499.0
France,Laptops,Home,PC Portable HP 15-fc0070nf,7Z9X6EA,649.0
France,Laptops,Home,PC Portable IA HP OmniBook 7 17-dc0000nf,BG7K1EA,1899.0
France,Laptops,Home,PC Portable 2 en 1 HP Envy x360 14-fa0007nf - Ecran tactile OLED 120 Hz,A1RZ4EA,999.0
France,Laptops,Home,PC Portable IA HP OmniBook 3 15-fn0016nf,BL2F9EA,1099.0
France,Laptops,Home,PC Portable IA HP OmniBook 3 15-fn0017nf,BL1K7EA,949.0
France,Laptops,Home,PC Portable HP Laptop 15-fc0090nf,AJ4Z1EA,999.0
France,Laptops,Home,PC Portable IA 2 en 1 HP OmniBook X Flip 14-fm0004nf - Écran tactile OLED 120 Hz,BG7J4EA,1299.0
France,Laptops,Home,PC Portable IA HP OmniBook 7 17-dc0002nf,BG7K3EA,1299.0
France,Laptops,Home,PC Portable 2 en 1 HP Envy x360 14-fc0009nf - Ecran tactile OLED 120 Hz,A1RZ5EA,1599.0
France,Laptops,Home,PC Portable IA  Nouvelle Génération HP OmniBook 7 17-dc0001nf,BG7K2EA,1499.0
France,Laptops,Home,PC Portable Gaming OMEN MAX 16-ah0006nf - NVIDIA® GeForce RTX™ 5070,BC7P3EA,2199.0
France,Laptops,Home,PC Portable Gaming OMEN MAX 16-ah0023nf  - NVIDIA® GeForce RTX™ 5090,BP9R8EA,4349.0
France,Laptops,Home,PC Portable Gaming OMEN 16-am0053nf - NVIDIA GeForce RTX 5060,BP4R8EA,1349.0
France,Laptops,Home,PC Portable Gaming OMEN Slim 16-an0020nf - NVIDIA GeForce RTX 5060,BM9W6EA,1749.0
France,Laptops,Home,PC Portable IA 2 en 1 HP OmniBook X Flip 14-fk0002nf - Extension de garantie 3 ans incluse & écran OLED 120 Hz,BG7J3EA,1199.0
France,Laptops,Home,PC Portable IA 2 en 1 HP OmniBook X Flip 16-as0000nf,BG7M3EA,1399.0
France,Laptops,Home,PC Portable IA HP OmniBook 7 Aero 13-bg1002nf,B91BJEA,1299.0
France,Laptops,Home,PC Portable 2 en 1 HP Envy x360 14-fc0004nf  - Écran tactile OLED,9X8K3EA,1399.0
France,Laptops,Home,PC Portable HP Pavilion Plus 14-ew1001nf,9X8K9EA,999.0
France,Laptops,Home,PC Portable Gaming Victus 15-fb3010nf - NVIDIA® GeForce RTX™ 5050,BM1P5EA,1249.0
France,Laptops,Home,PC Portable Gaming  OMEN MAX 16-ah0016nf -  NVIDIA® GeForce RTX™ 5080  + Casque filaire gaming HyperX Cloud II - Noir/Rouge,,2799.0
France,Laptops,Home,PC Portable IA 2 en 1 HP OmniBook Ultra Flip 14-fh0003nf - écran tactile OLED 120Hz,B2CN7EA,1999.0
France,Laptops,Home,PC Portable Gaming OMEN MAX 16-ah0013nf - NVIDIA® GeForce RTX™ 5070 Ti,BE6T0EA,2599.0
France,Laptops,Home,PC Portable IA 2 en 1 HP OmniBook X Flip 16-ar0000nf - écran OLED 120 Hz,BG7Q8EA,1299.0
France,Laptops,Home,PC Portable Gaming OMEN MAX  16-ah0000nf - NVIDIA® GeForce RTX™ 5090,BC7P2EA,4399.0
France,Laptops,Home,PC Portable Gaming Victus 15-fb3703nf - NVIDIA GeForce RTX 4050 + Casque filaire gaming HyperX Cloud II - Noir/Rouge,,949.01
France,Laptops,Home,PC Portable Gaming OMEN 16-ap0031nf - NVIDIA GeForce RTX™ 5060,BK6K5EA,1499.0
France,Laptops,Home,HP Chromebook x360 14b-cd0005nf,A28JBEA,499.0
France,Laptops,Home,PC Portable Gaming OMEN MAX 16-ah0008nf - NVIDIA GeForce RTX™ 5060,BN7T5EA,2099.0
France,Laptops,Home,PC Portable IA HP OmniBook 7 Aero 13-bg1023nf,B91BLEA,999.0
France,Laptops,Home,PC Portable IA 2 en 1 HP OmniBook Ultra Flip 14-fh0005nf - Extension de garantie 3 ans incluse,B1NW8EA,1599.0
France,Laptops,Home,PC Portable Gaming Victus 15-fb3702nf - NVIDIA® GeForce RTX™ 3050 + Casque filaire gaming HyperX Cloud II - Noir/Rouge,,749.0
France,Laptops,Home,PC Portable Gaming OMEN MAX 16-ah0011nf - GeForce RTX™ 5080,B92RHEA,3299.0
France,Laptops,Home,PC Portable Gaming OMEN MAX 16-ak0007nf - NVIDIA® GeForce RTX™ 5080,BE6V5EA,3049.0
France,Laptops,Home,PC Portable HP Chromebook x360 14b-cd0003nf,BG7T5EA,499.0
France,Laptops,Home,HP Chromebook  Plus 15a-nb0040nf,AP4C9EA,499.0
France,Laptops,Home,HP Chromebook 14a-nf0001nf,AP4C8EA,499.0
France,Laptops,Home,PC Portable HP 17-cn0020nf,9Q245EA,349.0
France,Laptops,Home,PC Portable HP Pavilion 15-eg3013nf,7Q890EA,899.0
France,Laptops,Home,Chromebook HP 14a-na0022nf,7L8X2EA,349.0
France,Laptops,Home,PC Portable 2 en 1 HP Pavilion x360 tactile 15-er1006nf,6L9L0EA,1199.0
France,Laptops,Home,PC Portable HP Pavilion 15-eg2044nf,6K9L9EA,1299.0
France,Laptops,Home,PC Portable Gaming OMEN 16-am0049nf - NDIDIA GeForce RTX 4050 + Casque filaire gaming HyperX Cloud II - Noir/Rouge,,999.01
France,Laptops,Home,PC Portable Gaming OMEN 16-ap0002nf - NVIDIA® GeForce RTX™ 5070 + Casque filaire gaming HyperX Cloud II - Noir/Rouge,,1599.01
France,Laptops,Home,PC Portable IA HP OmniBook 7 14-fr0000nf,BK7F2EA,1399.0
France,Laptops,Home,PC Portable Gaming HP Victus 15-fa2013nf - NVIDIA GeForce RTX 5060  & Sans OS,BL1C3EA,1199.0
France,Laptops,Home,PC Portable Gaming Victus 15-fa2015nf - NVIDIA GeForce RTX 5050  & sans OS,BM1N2EA,1099.0
France,Laptops,Home,PC Portable Gaming Victus 15-fa2016nf - NVIDIA® GeForce RTX™ 5050,BM1N3EA,1199.0
France,Laptops,Home,PC Portable HP 15-fc0161nf,C58YFEA,649.0
France,Laptops,Home,PC Portable Gaming OMEN Transcend 14-fb1042nf - NVIDIA GeForce RTX 5050,BQ2V2EA,1999.0
France,Laptops,Home,PC Portable HP 15-fc0160nf,C58YDEA,749.0
France,Laptops,Home,PC Portable Gaming OMEN Transcend 14-fb1041nf - NVIDIA GeForce RTX™ 5060,BY0F3EA,2249.0
France,Laptops,Home,PC Portable HP OmniBook 5 16-ba1015nf,C58YTEA,899.0
France,Laptops,Home,PC Portable HP 15-fd0164nf,C58YKEA,449.0
France,Laptops,Home,PC Portable IA HP OmniBook 5 16-af1001nf,C58YMEA,899.0
France,Laptops,Home,PC Portable Gaming OMEN 16-ap0049nf - NVIDIA GeForce RTX™ 5060 + Casque filaire gaming HyperX Cloud II - Noir/Rouge,,1399.0
France,Laptops,Home,HP OmniBook 5 Laptop Next Gen AI 16-bf0007nf,C4DU9EA,1199.0
France,Laptops,Home,HP OmniBook X Flip 2-in-1 Laptop Next Gen AI 14-fk0005nf,C58Y3EA,1499.0
France,Laptops,Home,HP OmniBook 7 Laptop AI 14-fr0005nf,C58Y6EA,1499.0
France,Laptops,Home,HP OmniBook X Flip 2-in-1 Laptop Next Gen AI 16-ar0004nf,C58YPEA,1599.0
France,Laptops,Home,PC Portable HP 15-fc0162nf,C58YGEA,529.0
France,Laptops,Home,PC Portable HP 15-fd1012nf,C58YLEA,649.0
France,Laptops,Home,PC Portable HP 15-fc0113nf,C58YBEA,599.0
France,Laptops,Home,HP Laptop 17-cn4004nf,C7HA7EA,649.0
France,Laptops,Home,PC Portable HP OmniBook 5 16-ba1001nf,C59B2EA,749.0
France,Laptops,Home,PC Portable HP 17-cp3022nf,C58YWEA,679.0
France,Laptops,Home,PC Portable HP 15-fc0117nf,C58YCEA,699.0
France,Laptops,Home,HP Laptop 17-cn3069nf,C58YVEA,749.0
France,Laptops,Home,HP Laptop 14-ep0057nf,C7HA3EA,799.0
France,Laptops,Home,PC Portable 2 en 1 HP Envy x360 14-fa0000nf - Écran tactile OLED,9X8K2EA,1299.0
France,Laptops,Home,PC Portable IA Nouvelle Génération HP OmniBook 5 14-he0013nf,C1ES7EA,899.0
France,Laptops,Home,PC Portable IA Nouvelle Génération HP OmniBook 5 16-bf0008nf,C1EC2EA,899.0
France,Laptops,Home,PC Portable HP 17-cp2053nf,C59B3EA,629.0
France,Laptops,Business,"PC Portable HP ProBook 460 G11 16""",A23QFEA,887.04
France,Laptops,Business,"PC Portable Professionnel IA HP ProBook 4 G1i 16""",A23R3EA,1028.16
France,Laptops,Business,"PC Portable professionnel HP ProBook 4 G1ah 16""",A23R1EA,981.12
France,Laptops,Business,PC Portable Professionnel IA HP ProBook 4 G1i,A23R4EA,1196.16
France,Laptops,Business,"Station de travail portable HP ZBook Fury G11 16"" - NVIDIA RTX 3500 Ada & Extension de garantie 3 ans incluse",62X93EA,3811.25
France,Laptops,Business,"Station de travail portable HP ZBook Fury G11 16"" - NVIDIA RTX 4000 Ada",62X92EA,5705.62
France,Laptops,Business,PC portable IA génération HP ProBook 4 G1q,A23R6EA,833.28
France,Laptops,Business,"Station de travail HP Zbook Studio G11 16"" - NVIDIA® GeForce® RTX™ 4070 & Extension de garantie 3 ans incluse",8S9R0EA,3640.5
France,Laptops,Business,"PC Portable Professionnel IA HP ProBook 4 G1a 16""",A23R5EA,1276.8
France,Laptops,Business,PC portable IA nouvelle génération HP EliteBook X G1i 14 pouces HP Wolf Pro Security Edition,B68T7EA,1995.34
France,Laptops,Business,PC portable IA nouvelle génération HP EliteBook X Flip G1i 14 pouces HP Wolf Pro Security Edition,B68TCEA,2554.48
France,Laptops,Business,"PC Portable Professionnel HP ProBook 460 G11 16"" - Garantie 3 ans incluse",A23GTEA,1047.74
France,Laptops,Business,"Station de travail portable HP ZBook Fury G11 16"" - NVIDIA RTX 2000 Ada & Extension de garantie 3 ans incluse",62X94EA,3291.42
France,Laptops,Business,"PC Portable Professionnel HP ProBook 450 G10 15,6"" - Garantie 3 ans incluse",8A5H8EA,1317.82
France,Laptops,Business,"PC Portable Professionnel HP ProBook 460 G11 16"" - Garantie 3 ans incluse",A23GSEA,1174.19
France,Laptops,Business,"PC Portable Professionnel HP EliteBook 640 G11 14"" - Extension de garantie 3 ans incluse",A23KDEA,1192.46
France,Laptops,Business,"PC Portable Professionnel HP ProBook 460 G11 16"" - NVIDIA® GeForce RTX™ 2050 & Extension de garantie 3 ans incluse",A23KFEA,1464.25
France,Laptops,Business,"PC Portable Professionnel HP EliteBook 630 G11 13.3"" - Wolf Pro Security 1 an",A23GPEA,1190.78
France,Laptops,Business,"PC Portable Professionnel HP ProBook 465 G11 16"" - Extension de garantie 3 ans incluse",A23KPEA,1087.3
France,Laptops,Business,"PC Portable Professionnel HP 255 G10 15,6""",9B9V2EA,577.03
France,Laptops,Business,"PC Portable Professionnel 2 en 1 HP Elite x360 1040 G11 14"" - Extension de garantie 3 ans incluse & Wolf Pro Security 3 ans",A26SPEA,2294.9
France,Laptops,Business,"PC Portable Professionnel HP EliteBook 845 G11 14"" Extension de garantie 3 ans incluse & 1 an de Wolf Pro Security Edition",A26W9EA,1264.54
France,Laptops,Business,"PC Portable Professionnel HP ProBook 465 G11 16"" - Extension de garantie 3 ans incluse",A23KWEA,819.13
France,Laptops,Business,"PC Portable Professionnel IA HP EliteBook Ultra G1i 14"" - 3 ans d'extension de garantie incluse",B68SHEA,1909.48
France,Laptops,Business,"PC Portable Professionnel 2 en 1 HP Elite x360 830 G11 13"" - Extension de garantie 3 ans incluse & Wolf Pro Security 1 an",A26SXEA,1815.58
France,Laptops,Business,"PC Portable Professionnel HP ProBook 460 G11 16"" - Extension de garantie 3 ans incluse",A23GWEA,860.16
France,Laptops,Business,"PC Portable professionnel IA HP EliteBook X G1a 14"" - 3 ans d'extension de garantie & de Wolf Pro Security  inclus",B68RREA,2425.42
France,Laptops,Business,"PC Portable Professionnel HP ProBook 445 G11 14"" - Extension de garantie 3 ans incluse",A23KSEA,886.42
France,Laptops,Business,"PC Portable Professionnel HP EliteBook 630 G11 13,3"" - Extension de garantie 3 ans incluse",A23MGEA,1019.45
France,Laptops,Business,"PC Portable Professionnel HP EliteBook 630 G11 13.3"" - Extension de garantie 3 ans incluse",A23KNEA,1072.51
France,Laptops,Business,"PC Portable Professionnel HP ProBook 465 G11 16"" - Extension de garantie 3 ans incluse",A23KQEA,981.12
France,Laptops,Business,"PC Portable Professionnel HP ProBook 440 G10 14""  - Garantie 3 ans incluse",8A5J7EA,926.02
France,Laptops,Business,"PC Portable Professionnel HP EliteBook 660 G11 16"" - Extension de garantie 3 ans incluse",A23KGEA,1223.38
France,Laptops,Business,Station de travail mobile HP ZBook Fury 16 G11 - NVIDIA RTX™ 4000,62X66EA,5251.75
France,Laptops,Business,"Station de travail portable HP ZBook Firefly G11 16"" - NVIDIA RTX™ A500 & Extension de garantie 3 ans incluse",8T0S7EA,2175.11
France,Laptops,Business,"Station de travail portable HP ZBook Power G11 16"" - NVIDIA RTX™ 2000 & Extension de garantie 3 ans incluse",86B13EA,3188.81
France,Laptops,Business,"Station de travail portable HP ZBook Power G11 16"" - NVIDIA RTX™ 2000 & Extension de garantie 3 ans incluse",8T0T5EA,2981.94
France,Laptops,Business,"Station de travail portable HP ZBook Firefly G11 14"" - Extension de garantie 3 ans incluse",8T0T3EA,1808.48
France,Laptops,Business,"Station de travail portable HP ZBook Firefly G11 16"" - NVIDIA RTX™ A500 & Extension de garantie 3 ans incluse",8T0S9EA,1865.94
France,Laptops,Business,"Station de travail portable HP ZBook Power G11 16"" - NVIDIA RTX™ A1000 & Extension de garantie 3 ans incluse",8T0T6EA,2347.49
France,Laptops,Business,"Station de travail portable HP ZBook Power G11 16"" - NVIDIA RTX™ A1000 & Extension de garantie 3 ans incluse",8T0T7EA,2235.08
France,Laptops,Business,"Station de travail portable HP ZBook Power G11 16"" - NVIDIA RTX™ 2000 & Extension de garantie 3 ans incluse",8T0T8EA,2559.36
France,Laptops,Business,"Station de travail portable HP ZBook Power G11 16"" - NVIDIA RTX™ 3000 & Extension de garantie 3 ans incluse",8T0X8EA,3077.8
France,Laptops,Business,"PC Portable Professionnel IA HP EliteBook X G1i 14"" - Extension de garantie 3 ans incluse",B68SMEA,2398.54
France,Laptops,Business,Station de travail portable HP ZBook Ultra  G1a - AMD Radeon™ 8050S et 3 ans d'extension de garantie incluse,8T159EA,2622.44
France,Laptops,Business,"Station de travail mobile HP ZBook Ultra 14"" G1a - 3 ans d'extension de garantie incluse",A3ZU9ET,4029.58
France,Laptops,Business,"PC Portable professionnel IA HP ProBook 4 G1i 14""",A23R2EA,1209.6
France,Laptops,Business,"PC Portable professionnel HP ProBook 4 G1iR 16""",A23QWEA,860.16
France,Laptops,Business,PC Portable professionnel HP ProBook 4 G1ah,A23QYEA,940.8
France,Laptops,Business,"PC Portable Professionnel HP ProBook 4 G1iR 14""",A23R0EA,960.96
France,Laptops,Business,"PC Portable Professionnel IA Nouvelle Génération HP EliteBook Ultra G1i 14 """,B68T4EA,1820.62
France,Laptops,Business,"PC Portable Professionnel IA Nouvelle Génération HP EliteBook Ultra G1i 14""  - 3 ans d'extension de garantie incluse",B68T5EA,2049.1
France,Laptops,Business,"PC Portable Professionnel HP 250R 15,6""",A23G4EA,590.02
France,Laptops,Business,"PC Portable Professionnel HP ProBook 4 G1iR 16""",A23QXEA,913.92
France,Laptops,Business,PC Portable Professionnel HP 255 G10,AK9X7AT,577.03
France,Laptops,Business,PC portable IA nouvelle génération HP EliteBook X Flip G1i 14 pouces HP Wolf Pro Security Edition,B68TDEA,2302.51
France,Laptops,Business,"PC Portable HP ProBook 460 G11 16""",A23QGEA,1349.75
France,Laptops,Business,PC portable IA nouvelle génération HP EliteBook 8 16 G1a pouces HP Wolf Pro Security Edition,A27BWEA,1479.56
France,Laptops,Business,PC portable IA nouvelle génération HP EliteBook 8 16 G1a pouces HP Wolf Pro Security Edition,A27BXEA,1654.28
France,Laptops,Business,PC Portable Professionnel IA HP EliteBook 8 G1i,A27BYEA,1362.65
France,Laptops,Business,PC Portable IA Nouvelle Génération HP EliteBook 8 G1i,A27BZEA,1783.32
France,Laptops,Business,PC portable HP EliteBook 8 G1a 16 pouces HP Wolf Pro Security Edition,A27C0EA,1295.45
France,Laptops,Business,PC portable IA nouvelle génération HP EliteBook 8 G1a 14 pouces HP Wolf Pro Security Edition,A27C1EA,1506.46
France,Laptops,Business,PC Portable Professionnel IA HP EliteBook 8 G1a,A27C2EA,1272.59
France,Laptops,Business,HP EliteBook 8 G1i 14 inch Notebook AI PC Wolf Pro Security Edition,A27C3EA,1682.52
France,Laptops,Business,PC Portable Professionnel  IA 2 en 1 HP EliteBook 8 Flip G1i,A27C6EA,1924.45
France,Laptops,Business,PC Portable Professionnel HP EliteBook 8 G1a,A27C7EA,1479.59
France,Laptops,Business,PC portable IA HP EliteBook 8 G1i 13 pouces HP Wolf Pro Security Edition,A27C8EA,1373.4
France,Laptops,Business,PC portable IA HP EliteBook 6 G1a 16 pouces HP Wolf Pro Security Edition,A27C9EA,1204.56
France,Laptops,Business,HP EliteBook 6 G1i 16 inch Notebook AI PC Wolf Pro Security Edition,A27CBEA,1418.26
France,Laptops,Business,HP EliteBook 6 G1i 16 inch Notebook AI PC Wolf Pro Security Edition,A27CCEA,1223.38
France,Laptops,Business,PC portable IA nouvelle génération HP EliteBook 6 G1a 14 pouces HP Wolf Pro Security Edition,A27CDEA,1357.78
France,Laptops,Business,PC portable IA HP EliteBook 6 G1a 14 pouces HP Wolf Pro Security Edition,A27CFEA,1169.62
France,Laptops,Business,HP EliteBook 6 G1i 14 inch Notebook AI PC Wolf Pro Security Edition,A27CGEA,1411.54
France,Laptops,Business,HP EliteBook 6 G1i 14 inch Notebook AI PC Wolf Pro Security Edition,A27CHEA,1223.39
France,Laptops,Business,HP EliteBook 6 G1i 13 inch Notebook AI PC Wolf Pro Security Edition,A27CJEA,1412.88
France,Laptops,Business,HP EliteBook 6 G1i 13 inch Notebook AI PC Wolf Pro Security Edition,A27CKEA,1248.91
France,Laptops,Business,"Ordinateur portable HP 250 15,6 pouces G10",AK9Y6AT,577.92
France,Laptops,Business,"Ordinateur portable HP 250R 15,6 pouces G9",B3AE9AT,913.92
France,Laptops,Business,HP EliteBook X G1i 14 inch Notebook Next Gen AI PC Wolf Pro Security Edition,B66VNAT,1893.71
France,Laptops,Business,PC portable IA HP EliteBook Ultra 14 pouces G1q,B68T2EA,1390.54
France,Laptops,Business,PC portable IA HP EliteBook Ultra 14 pouces G1q,B68T3EA,1390.54
France,Laptops,Business,PC portable IA nouvelle génération HP EliteBook X G1i 14 pouces HP Wolf Pro Security Edition,B68T6EA,2250.7
France,Laptops,Business,PC portable IA nouvelle génération HP EliteBook X G1i 14 pouces HP Wolf Pro Security Edition,B68T8EA,1659.34
France,Laptops,Business,HP EliteBook X G1a 14 inch Notebook Next Gen AI PC Wolf Pro Security Edition,B68T9EA,1820.62
France,Laptops,Business,HP EliteBook X G1a 14 inch Notebook Next Gen AI PC Wolf Pro Security Edition,B68TBEA,2425.42
France,Laptops,Business,"Ordinateur portable HP 250R 15,6 pouces G9",C65JBAT,892.42
France,Laptops,Business,Station de travail mobile HP ZBook X G1i 16 pouces,C79N6ET,2304.23
France,Laptops,Business,Station de travail mobile HP ZBook Fury G1i 16 pouces,C79X0ET,3197.22
France,Laptops,Business,Station de travail mobile HP ZBook Fury G1i 16 pouces,C79Y8ET,4200.01
France,Laptops,Business,Station de travail mobile HP ZBook X G1i 16 pouces,C79N5ET,2502.71
France,Laptops,Business,Station de travail mobile HP ZBook X G1i 16 pouces,C79N7ET,1997.6
France,Laptops,Business,Station de travail mobile HP ZBook Fury G1i 16 pouces,C79X2ET,2967.25
France,Laptops,Business,Station de travail mobile HP ZBook 8 G1i 14 pouces HP Wolf Pro Security Edition,C79MYET,2068.2
France,Laptops,Business,Ordinateur portable HP ProBook 440 14 pouces G11,A23QDEA,915.26
France,Laptops,Business,"PC Portable Professionnel HP ProBook 440 G11 14""",A23QCEA,1114.57
France,Laptops,Business,PC portable IA nouvelle génération HP EliteBook X Flip G1i 14 pouces HP Wolf Pro Security Edition,B68TFEA,2008.91
France,Laptops,Business,Station de travail mobile HP ZBook Fury G1i 18 pouces,C79X7ET,3448.55
France,Laptops,Business,HP ZBook 8 G1as 14 inch Mobile Workstation PC  Wolf Pro Security Edition,B72XJET,2729.17
France,Laptops,Business,Station de travail mobile HP ZBook Fury G1i 18 pouces,C79Y3ET,3250.14
France,Laptops,Business,PC portable IA nouvelle génération HP EliteBook 6 G1q,CL6D0EA,1167.94
France,Laptops,Business,Station de travail mobile HP ZBook 8 G1ak 14 pouces HP Wolf Pro Security Edition,C78T7ET,1659.55
France,Laptops,Business,PC portable IA nouvelle génération HP EliteBook 6 G1q,9M4J1AT,1639.7
France,Laptops,Business,Station de travail mobile HP ZBook Fury G1i 18 pouces,C79X3ET,4215.95
France,Laptops,Business,HP EliteBook 8 G1i 14 inch Notebook AI PC Wolf Pro Security Edition,A27C4EA,1359.95
France,Desktops,Home,Tour Gaming OMEN 35L édition Valorant - NVIDIA GeForce RTX 5060 + Casque filaire gaming HyperX Cloud II - Noir/Rouge,,1999.0
France,Desktops,Home,Tour Gaming OMEN 45L GT22-3038nf - NVIDIA® GeForce RTX™ 5090,BC5L3EA,4899.0
France,Desktops,Home,PC Tout en un HP 24-cr0074nf,B5KE9EA,899.0
France,Desktops,Home,HP Tout-en-un 24-cr0061nf,9S1N2EA,999.0
France,Desktops,Home,HP Tout-en-un 24-cr0034nf,9S1N0EA,799.0
France,Desktops,Home,Tour Gaming OMEN 35L GT16-0504nf - NVIDIA® GeForce RTX™ 5070 + Casque filaire gaming HyperX Cloud II - Noir/Rouge,,1799.01
France,Desktops,Home,HP Tout-en-un 27-cr0041nf,97Y26EA,1199.0
France,Desktops,Home,Tour Gaming OMEN 45L GT22-3028nf -  NVIDIA® GeForce RTX™ 5090 + Casque filaire gaming HyperX Cloud II - Noir/Rouge,,4299.01
France,Desktops,Home,Tour Gaming OMEN 16L TG03-0097nf - NVIDIA® GeForce Carte RTX™ 5060 + Casque filaire gaming HyperX Cloud II - Noir/Rouge,,999.0
France,Desktops,Home,HP Tout-en-un 24-cr0054nf,9S1N1EA,699.0
France,Desktops,Home,Tour Gaming OMEN 35L GT16-0488nf - NVIDIA® GeForce RTX™ 5070 Ti  + Casque filaire gaming HyperX Cloud II - Noir/Rouge,,2098.99
France,Desktops,Home,Tour Gaming OMEN 35L GT16-0491nf -  NVIDIA® GeForce RTX™ 5070 + Casque filaire gaming HyperX Cloud II - Noir/Rouge,,1999.0
France,Desktops,Home,Tour Gaming OMEN 16L TG03-0076nf - NVIDIA® GeForce RTX™ 5060 Ti  + Casque filaire gaming HyperX Cloud II - Noir/Rouge,,1499.0
France,Desktops,Home,PC de Bureau Tout en Un IA Nouvelle Génération OmniStudio X 27-cs1007nf,B6SL4EA,1199.0
France,Desktops,Home,PC de Bureau HP OmniDesk M02-0098nf,B6SL8EA,749.0
France,Desktops,Home,Tout en un HP OmniStudio X 32-c1000nf,B6SL5EA,1799.0
France,Desktops,Home,Tout-en-un HP 24-cr0009nf,9S1M9EA,999.0
France,Desktops,Home,Ordinateur de bureau tout-en-un HP OmniStudio X 27-cs0001nf,AL2H6EA,1799.0
France,Desktops,Home,PC de Bureau HP OmniDesk  M02-0097nf,B6SL7EA,1099.0
France,Desktops,Home,PC de Bureau IA HP OmniDesk M03-0008nf,B6SM0EA,899.0
France,Desktops,Home,HP OmniStudio X 32-c0002nf - Écran 4K &  GeForce RTX™ 4050,AM0Z8EA,2599.0
France,Desktops,Home,Tout-en-un HP 27-cr0042nf,97Y27EA,999.0
France,Desktops,Home,Ordinateur de bureau tout-en-un HP OmniStudio X 27-cs0002nf,AL2H7EA,1499.0
France,Desktops,Home,Tout en un IA Nouvelle Génération HP OmniStudio X 27-cs1003nf,B6SL3EA,1499.0
France,Desktops,Home,PC de Bureau HP OmniDesk Slim S03-0016nf,B6SM4EA,549.0
France,Desktops,Home,PC fixe M02HP OmniDesk -0018nf,B6SL6EA,899.0
France,Desktops,Home,PC de Bureau IA HP OmniDesk M03-0000nf,B6SL9EA,1199.0
France,Desktops,Home,PC de Bureau HP OmniDesk Slim S03-0008nf,B6SM1EA,649.0
France,Desktops,Home,Tour Gaming OMEN 35L GT16-0456nf - AMD Radeon™ RX 7600,AD6S4EA,1699.0
France,Desktops,Home,Ordinateur de bureau tout-en-un HP OmniStudio X 32-c0003nf - écran 4K,AM1B0EA,1899.0
France,Desktops,Home,Tour Gaming OMEN 35L GT16-0475nf - NVIDIA® GeForce RTX™ 5080,BC5K5EA,3299.0
France,Desktops,Home,Tout en un HP OmniStudio X 32-c1005nf,B72R9EA,1499.0
France,Desktops,Home,Tour Gaming OMEN 45L GT22-3042nf - GeForce RTX™ 5080,BC5L4EA,4199.0
France,Desktops,Home,Tour Gaming OMEN 45L GT22-3048nf - NVIDIA® GeForce RTX™ 5080,BC5L5EA,3899.0
France,Desktops,Home,Tour Gaming OMEN 35L GT16-0478nf - NVIDIA® GeForce RTX™ 5080,BC5K6EA,3299.0
France,Desktops,Home,Victus by HP 15L TG02-0141nf - NVIDIA® GeForce RTX™ 3060,639T7EA,1499.0
France,Desktops,Home,Alimentation 1000W OMEN,A4WK3AA,199.99
France,Desktops,Home,Tour Gaming OMEN 35L GT17-0009nf - NVIDIA GeForce RTX 5080,C9EX5EA,3399.0
France,Desktops,Home,Tour Gaming OMEN 35L GT17-0010nf - NVIDIA GeForce RTX 5070 + Casque filaire gaming HyperX Cloud II - Noir/Rouge,,1799.01
France,Desktops,Home,Tour Gaming OMEN 35L GT17-0011nf - NVIDIA GeForce RTX 5060 + Casque filaire gaming HyperX Cloud II - Noir/Rouge,,1599.01
France,Desktops,Home,Tour Gaming OMEN 16L TG03-0103nf - NVIDIA GeForce RTX 5060 + Casque filaire gaming HyperX Cloud II - Noir/Rouge,,1299.0
France,Desktops,Home,Tour Gaming OMEN 16L TG03-0104nf - NVIDIA GeForce RTX 5060 + Casque filaire gaming HyperX Cloud II - Noir/Rouge,,1199.0
France,Desktops,Home,OMEN 16L Gaming Desktop TG03-0105nf + Casque filaire gaming HyperX Cloud II - Noir/Rouge,,1199.0
France,Desktops,Home,Tour Gaming OMEN 35L édition Valorant - NVIDIA GeForce RTX 5060 + Casque Gamer sans fil HyperX Cloud III S Noir et rouge,,2099.99
France,Desktops,Home,Tour Gaming OMEN 35L GT16-1010nf - NVIDIA GeForce RTX 5070 + Casque filaire gaming HyperX Cloud II - Noir/Rouge,,2099.0
France,Desktops,Home,Tour Gaming OMEN 35L GT16-1008nf - NVIDIA GeForce RTX 5070,C9FP3EA,3399.0
France,Desktops,Home,OMEN MAX 45L Gaming DT GT23-0002nf PC,CM8W3EA,3399.0
France,Desktops,Home,OMEN MAX 45L Gaming DT GT23-0001nf PC,CM8W0EA,3799.0
France,Desktops,Home,OMEN 35L Gaming Desktop GT17-0017nf PC,CM9U1EA,1199.0
France,Desktops,Home,OMEN 35L Gaming Desktop GT17-0016nf PC,CM9V4EA,1299.0
France,Desktops,Home,OMEN 35L Gaming Desktop GT17-0014nf,CM9P3EA,1499.0
France,Desktops,Business,Ordinateur tout-en-un HP ProOne 440 G9,9H6V7ET,1095.36
France,Desktops,Business,HP Pro Mini 260 G9,884F5EA,666.4
France,Desktops,Business,Ordinateur tout-en-un HP ProOne 440 G9,936S1EA,958.68
France,Desktops,Business,HP ProStudio 4 All-in-One G1i 23.8 inch Desktop AI PC,A10MSEA,1210.45
France,Desktops,Business,HP EliteOne 840 G9,7B1G3EA,1409.86
France,Desktops,Business,HP Pro Mini 260 G9,884F3EA,756.66
France,Desktops,Business,HP Z2 G9 Tour - NVIDIA RTX™ A4000,8T1X0EA,3197.29
France,Desktops,Business,Ordinateur de bureau HP Elite 800 G9 format tour,999Y0ET,1526.78
France,Desktops,Business,HP EliteOne 840 G9,7B1G4EA,1315.78
France,Desktops,Business,HP EliteOne 870 G9 -  Écran tactile,A0YX8EA,2243.14
France,Desktops,Business,HP Pro 290 G9  Tower,936S0EA,807.16
France,Desktops,Business,HP Elite 800 G9  SFF,A0ZB2EA,1435.39
France,Desktops,Business,HP Pro 290 G9 SFF,884G2EA,613.32
France,Desktops,Business,HP Elite Mini 805 G8,623D7ET,1221.7
France,Desktops,Business,HP Elite Mini 800 G9,5M9Y3EA,1010.86
France,Desktops,Business,HP Pro Mini 260 G9,885C1EA,807.17
France,Desktops,Business,HP Pro 290 G9 SFF,884F9EA,780.86
France,Desktops,Business,HP Elite Mini 800 G9,5M9Y1EA,1935.25
France,Desktops,Business,"HP Z4 G5, Windows 11 Professionnel, Xeon, 32 Go, 1 To SSD, RTX A4000",5E8L2EA,4109.32
France,Desktops,Business,HP Z4 G5,5E8U1EA,2682.71
France,Desktops,Business,HP Z2 G9 Tour,8T1N2EA,2031.14
France,Desktops,Business,HP Z2 G9 Tour,8T1N0EA,1830.17
France,Desktops,Business,HP Z2 G9 SFF - NVIDIA® T400,8T1M7EA,1644.94
France,Desktops,Business,HP Z2 Mini G9 - NVIDIA® T1000,8T1W9EA,1952.33
France,Desktops,Business,HP Z1 G9  - NVIDIA T400 & 3 ans de garantie incluse,8T1X9EA,1717.72
France,Desktops,Business,HP Z1 G9 - Extension de garantie 3 ans incluse,8T1N5EA,1551.01
France,Desktops,Business,HP Z1 Tower G1i,A40RGET,2228.9
France,Desktops,Business,HP Z2 Mini G1a,A40RMET,2257.62
France,Desktops,Business,HP Z1 Tower G1i,A40RHET,1842.29
France,Desktops,Business,HP Z2 Mini G1a,A40RKET,1853.48
France,Desktops,Business,Ordinateur de bureau HP ProDesk 2 G1i E Faible encombrement,B6YW8ET,799.94
France,Desktops,Business,Ordinateur de bureau HP ProDesk 2 G1i E Faible encombrement,B6YW7ET,843.42
France,Desktops,Business,Station de travail HP Z1 G1i,A40RJET,1698.88
France,Desktops,Business,HP EliteStudio 8 All-in-One G1i 27 inch Desktop AI PC  Wolf Pro Security Edition,A0ZF4EA,1653.11
France,Desktops,Business,Station de travail Mini HP Z2 G1a,A40RNET,3431.74
France,Desktops,Business,Tout en un HP ProStudio 4 G1i,A10MQEA,1156.68
France,Desktops,Business,Ordinateur de bureau HP ProDesk 2 G1i E Format tour,B6YX7ET,817.2
France,Desktops,Business,Ordinateur de bureau IA HP ProDesk 2 G1a E Format tour,B6YY6ET,747.79
France,Desktops,Business,Mini G1a ordinateur de bureau station de travail HP Z2 Wolf Pro Security Edition,A40RLET,2734.04
France,Desktops,Business,Ordinateur de bureau IA HP ProDesk 2 G1a E Format tour,B6YY4ET,831.43
France,Desktops,Business,Ordinateur de bureau HP ProDesk 2 G1i E Format tour,B6YX6ET,860.66
France,Desktops,Business,Tout en un IA HP EliteStudio 8 G1i,A0ZF7EA,1868.16
France,Desktops,Business,Tout en un HP ProStudio 4 G1i,A10MVEA,1479.24
France,Desktops,Business,Ordinateur de bureau HP ProDesk 2 G1i E Format tour,B6YX5ET,939.46
France,Desktops,Business,HP EliteStudio 8 All-in-One G1i 23.8 inch Desktop AI PC  Wolf Pro Security Edition,A0ZF5EA,1478.4
France,Desktops,Business,HP EliteStudio 8 All-in-One G1i 23.8 inch Desktop AI PC  Wolf Pro Security Edition,A0ZF8EA,1572.48
France,Desktops,Business,Tout en un IA HP EliteStudio 8 G1i,A0ZG0EA,2365.44
France,Desktops,Business,HP EliteStudio 8 All-in-One G1i 23.8 inch Desktop AI PC  Wolf Pro Security Edition,A0ZG1EA,1921.92
France,Desktops,Business,PC fixe IA HP EliteDesk 8 format tour G1i HP Wolf Pro Security Edition,A0ZG3EA,1250.63
France,Desktops,Business,HP ProDesk 4 Mini G1i Desktop AI PC,C61RVEA,764.74
France,Desktops,Business,HP Z2 Mini G1i Workstation Desktop PC,C67JMET,1731.66
France,Desktops,Business,HP EliteDesk 8 Mini G1i Desktop AI PC  Wolf Pro Security Edition,5N013EA,912.58
France,Desktops,Business,HP EliteDesk 8 Mini G1i Desktop AI PC  Wolf Pro Security Edition,5N014EA,1060.42
France,Desktops,Business,HP EliteDesk 8 Mini G1i Desktop AI PC  Wolf Pro Security Edition,5N015EA,1760.64
France,Desktops,Business,HP ProDesk 4 Tower G1i Desktop AI PC,882F9EA,1022.41
France,Desktops,Business,HP ProDesk 4 Tower G1i Desktop AI PC,882G0EA,1070.84
France,Desktops,Business,HP ProDesk 4 SFF G1i Desktop AI PC,882G1EA,1061.81
France,Desktops,Business,HP ProDesk 4 Tower G1i Desktop AI PC,882G2EA,1265.54
France,Desktops,Business,PC fixe IA HP EliteDesk 8 G1i faible encombrement HP Wolf Pro Security Edition,A0ZF6EA,1431.84
France,Desktops,Business,PC fixe IA HP EliteDesk 8 G1i faible encombrement HP Wolf Pro Security Edition,A0ZF9EA,1661.59
France,Desktops,Business,PC fixe IA HP EliteDesk 8 G1i faible encombrement HP Wolf Pro Security Edition,A0ZG2EA,1799.68
France,Desktops,Business,PC fixe IA HP EliteDesk 8 format tour G1i HP Wolf Pro Security Edition,A0ZG4EA,1453.01
France,Desktops,Business,PC fixe IA HP EliteDesk 8 format tour G1i HP Wolf Pro Security Edition,A0ZG5EA,1615.45
France,Desktops,Business,HP ProDesk 4 Mini G1i Desktop AI PC,A10MTEA,831.94
France,Desktops,Business,HP ProDesk 4 Mini G1i Desktop AI PC,A10MWEA,1161.08
France,Desktops,Business,HP Z2 Tower G1i Workstation Desktop PC,C67JTET,2465.6
France,Desktops,Business,HP Z2 SFF G1i Workstation,C67J4ET,2038.14
France,Desktops,Business,HP Z2 SFF G1i Workstation,C67J5ET,1720.79
France,Monitors,Home,"Écran Full HD HP M22f (21.5"") FHD; IPS",2D9J9AA,79.99
France,Monitors,Home,Écran OMEN 27 - 27'' FHD - AMD FreeSync™ HDR,780F9AA,139.99
France,Monitors,Home,Écran OMEN 27k - 27'' UHD - AMD FreeSync™ HDR,780G8AA,400.0
France,Monitors,Home,"Écran OMEN 24 - 23,8'' FHD - AMD FreeSync™ HDR",780D9AA,139.99
France,Monitors,Home,"Écran Full HD 23,8 pouces HP Série 5 - 524sf",94C17AA,100.0
France,Monitors,Home,Écran Full HD réglable en hauteur 27 pouces HP Série 5 - 527sh,94C50E9,130.0
France,Monitors,Home,"Écran Full HD 31,5 pouces HP Série 5 - 532sf",94F50AA,169.99
France,Monitors,Home,"Écran OMEN 32q  - 32"" QHD - AMD FreeSync™ 165 Hz",780K0AA,250.0
France,Monitors,Home,"Écran Full HD blanc 23,8 pouces HP Série 5 - 524sw",94C21AA,100.0
France,Monitors,Home,Écran Full HD blanc 27 pouces HP Série 5 - 527sw,94F46AA,119.99
France,Monitors,Home,Écran gamer incurvé WQHD 180 Hz OMEN 34 pouces – OMEN 34c G2,AV4C1AA,319.99
France,Monitors,Home,"Écran gamer OMEN Transcend 32"" UHD OLED 240Hz",9R181AA,1099.99
France,Monitors,Home,Écran OMEN 27s - 27'' FHD - AMD FreeSync™ HDR,780G5AA,220.0
France,Monitors,Home,Écran OMEN 32c - 32'' QHD -AMD Freesync™  HDR 165 Hz,780K6AA,269.99
France,Monitors,Home,"Écran Full HD 31,5 pouces HP Série 5 - 532sf",94F50E9,169.99
France,Monitors,Home,"Écran HP V22v G5, 21,45"", FHD, AMD FreeSync™",65P56AA,70.0
France,Monitors,Home,Écran avec hauts parleurs HP Series 5 27 ' FHD  - 527sa,94F48AA,130.0
France,Monitors,Home,Écran Full HD 27 pouces HP Série 5 - 527sf,94F44AA,119.99
France,Monitors,Home,"Écran HP Series 5 527sw 27"" FHD  - Blanc",94F46E9,119.99
France,Monitors,Home,"Écran HP V24i G5 - 23,8"", FHD, AMD FreeSync™",65P58AA,89.99
France,Monitors,Home,"Écran HP 524sh Series 5 - 23.8"" FHD",94C19E9,109.99
France,Monitors,Home,"Écran HP V24i - 23.8""FHD - IPS",9RV17AA,159.0
France,Monitors,Home,"Écran HP M27fd - 27"" FHD - AMD FreeSync™",2H3Y8AA,259.0
France,Monitors,Home,Écran gamer QHD 280 Hz OMEN 27 pouces – OMEN 27qs G2,AW3V0AA,319.99
France,Monitors,Home,Écran gamer QHD 180 Hz OMEN 27 pouces - OMEN 27q G2,AV4H6AA,199.99
France,Monitors,Home,Écran gamer FHD 180 Hz OMEN 27 pouces - OMEN 27 G2,AV4K1AA,160.0
France,Monitors,Home,Écran Full HD réglable en hauteur 27 pouces HP Série 5 - 527sh,94C50AA,130.0
France,Monitors,Home,"Écran Full HD réglable en hauteur 23,8 pouces HP Série 5 - 524sh",94C19AA,109.99
France,Monitors,Business,"Écran FHD 23,8 pouces HP Series 5 Pro - 524pf",9D9L6UT,187.2
France,Monitors,Business,"Écran FHD E27 G5 27""",6N4E2AA,214.56
France,Monitors,Business,"Écran HP Série 7 Pro - 732pk 31,5""",8Y2K9AA,1094.4
France,Monitors,Business,Écran de conférence USB-C FHD HP E24m G4,40Z32AA,316.8
France,Monitors,Business,Écran de conférence QHD HP E27m G4 USB-C,40Z29AA,403.2
France,Monitors,Business,Écran HP E22 G5,6N4E8AA,169.92
France,Monitors,Business,HP E14 G4,1B065AA,352.8
France,Monitors,Business,Écran tactile FHD E24t G5 HP,6N6E6AA,244.8
France,Monitors,Business,"Écran incurvé HP P34hc G4 WQHD (34 "")",21Y56AA,446.4
France,Monitors,Business,Écran de conférence FHD HP E24mv G4,169L0AA,375.6
France,Monitors,Business,"Écran HP Série 7 Pro - 724pn 24""",8X534AA,280.8
France,Monitors,Business,"Écran HP Série 7 Pro - 724pf 23,8""",8X530AA,259.2
France,Monitors,Business,"Écran HP Série 7 Pro - 724pu 24""",8Y2F7AA,331.2
France,Monitors,Business,"HP Series 7 Pro 27"" 4K",8K135AA,878.4
France,Monitors,Business,"Écran HP Série 7 Pro -  740pm 39,7""",8Y2R2AA,1656.0
France,Monitors,Business,Écran QHD 27 pouces HP Series 5 Pro - 527pq,9D9S0UT,266.4
France,Monitors,Business,"Écran pour visioconférence FHD USB-C HP Series 5 Pro 23,8 pouces – HP 524pm",9E0G9UT,352.8
France,Monitors,Business,Écran 4K Thunderbolt 4 HP Series 7 Pro 27 pouces - 727pk,8J9G2AA,655.2
France,Monitors,Business,Écran de conférence QHD USB-C HP Series 5 Pro 27 pouces – HP 527pm,9E0Y9UT,504.0
France,Monitors,Business,"Écran FHD 21,5 pouces HP Series 3 Pro – 322ph",B0BN7UT,172.8
France,Monitors,Business,Écran FHD HP Series 3 Pro 27 pouces – 327ph,B0CG8UT,227.52
France,Monitors,Business,"Écran FHD 23,8 pouces HP Series 3 Pro – 324ph",B0BU9UT,194.4
France,Monitors,Business,Écran Full HD 27 pouces HP Series 5 – HP 527da,B11W6AT,258.0
France,Monitors,Business,Écran FHD HP Series 5 Pro 27 pouces – 527pf,B28F5UT,230.4
Spain,Laptops,Home,Portátil HP 15-fd0286ns con 3 años de garantía,BT2M7EA,649.0
Spain,Laptops,Home,Portátil HP 17-cn3024ns con 3 años de garantía,BT2Q8EA,799.0
Spain,Laptops,Home,Portátil táctil convertible HP OmniBook 5 14-fp0037ns con 3 años de garantía,BH5H0EA,999.0
Spain,Laptops,Home,Portátil táctil convertible HP OmniBook 5 14-fp0036ns con 3 años de garantía,BH5G9EA,899.01
Spain,Laptops,Home,Portátil gaming Victus 15-fa2049ns - NVIDIA GeForce RTX 3050 (6GB),BH5H5EA,799.0
Spain,Laptops,Home,Portátil HP 15-fc0186ns con 3 años de garantía,BT2L5EA,599.0
Spain,Laptops,Home,Portátil táctil HP Omnibook 7 16-ay0010ns con 3 años de garantía - Con Inteligencia Artificial,BH5K0EA,1599.0
Spain,Laptops,Home,Portátil HP 14-hc0001ns con 3 años de garantía - Con Inteligencia Artificial,BT2K3EA,899.01
Spain,Laptops,Home,Portátil HP OmniBook 5 16-ag1011ns con 3 años de garantía - Con Inteligencia Artificial,BH5J6EA,999.0
Spain,Laptops,Home,Portátil táctil convertible HP OmniBook 5 14-fp0035ns con 3 años de garantía,BH5G8EA,899.01
Spain,Laptops,Home,Portátil HP OmniBook 5 16-ag1010ns con 3 años de garantía - Con Inteligencia Artificial,BH5J5EA,899.01
Spain,Laptops,Home,Portátil gaming Victus 15-fb3013ns - NVIDIA GeForce RTX 3050 6GB,B5NM3EA,999.0
Spain,Laptops,Home,Portátil HP 15-fd0283ns con 3 años de garantía,BT2M4EA,299.0
Spain,Laptops,Home,Portátil táctil convertible HP OmniBook X 16-as0007ns con 3 años de garantía - Con Inteligencia Artificial,BH5J8EA,1499.0
Spain,Laptops,Home,Portátil táctil HP OmniBook 7 17-dc0006ns con 3 años de garantía - Con Inteligencia Artificial,BH5K1EA,1699.0
Spain,Laptops,Home,Portátil táctil convertible HP Omnibook X 14-fk0006ns con 3 años de garantía - Con Inteligencia Artificial,BH5G1EA,1299.0
Spain,Laptops,Home,Portátil HP 15-fd0287ns con 3 años de garantía,BT2M8EA,749.0
Spain,Laptops,Home,Portátil HP 17-cp2006ns con 3 años de garantía,BT2N4EA,699.0
Spain,Laptops,Home,Portátil gaming Victus 15-fb3041ns - NVIDIA GeForce RTX 5050 8GB,BP4E8EA,1299.0
Spain,Laptops,Home,Portátil táctil convertible HP OmniBook Ultra 14-fh0005ns 3 años de garantía - Con Inteligencia Artificial,AU3F8EA,1799.0
Spain,Laptops,Home,Portátil HP OmniBook 7 14-fr0024ns con 3 años de garantía - Con Inteligencia Artificial,BK8Q1EA,999.0
Spain,Laptops,Home,Portátil gaming OMEN 16-am0053ns - NVIDIA GeForce RTX 5060 8GB,BP4W1EA,1499.0
Spain,Laptops,Home,Portátil gaming OMEN MAX 16-ah0012ns - NVIDIA® GeForce RTX™ 5080 (16 GB),B8HR0EA,2999.0
Spain,Laptops,Home,Portátil HP OmniBook 7 14-fr0025ns con 3 años de garantía - Con Inteligencia Artificial,BK6H7EA,1098.99
Spain,Laptops,Home,Portátil táctil convertible HP OmniBook X 16-ar0004ns con 3 años de garantía - Con Inteligencia Artificial,BH5J7EA,1399.0
Spain,Laptops,Home,Portátil gaming OMEN 16-ap0030ns - NVIDIA GeForce RTX 5060 8GB,BK5V3EA,1499.0
Spain,Laptops,Home,Portátil gaming OMEN 16-ap0031ns - NVIDIA GeForce RTX 5070 8GB,BK5Y3EA,1899.0
Spain,Laptops,Home,Portátil gaming OMEN MAX 16-ah0024ns - NVIDIA GeForce RTX 5070 Ti 12GB,BE6Y0EA,2398.99
Spain,Laptops,Home,Portátil gaming OMEN 17-db1012ns - NVIDIA GeForce RTX 5070 8GB,BN0E7EA,1999.0
Spain,Laptops,Home,Portátil gaming OMEN MAX 16-ak0009ns - NVIDIA GeForce RTX 5070 Ti 12GB,BE6Z2EA,2499.0
Spain,Laptops,Home,Portátil gaming OMEN 17-db1011ns - NVIDIA GeForce RTX 5060 8GB,BN0E6EA,1699.0
Spain,Laptops,Home,Portátil gaming OMEN 16-ah0008ns - NVIDIA GeForce RTX 5090 24GB,B8HQ7EA,3999.0
Spain,Laptops,Home,Portátil gaming OMEN MAX 16-ak0005ns - NVIDIA GeForce RTX 5080 16GB,BE6Y7EA,2899.0
Spain,Laptops,Home,Portátil gaming OMEN 16-ah0025ns - NVIDIA GeForce RTX 5090 24GB,BF8Z7EA,3999.0
Spain,Laptops,Home,Portátil gaming OMEN MAX 16-ah0016ns - NVIDIA GeForce RTX 5070 Ti 12GB,B8HR4EA,2599.0
Spain,Laptops,Home,Portátil táctil convertible HP OmniBook 5 14-fp0038ns con 3 años de garantía,BH5H1EA,999.0
Spain,Laptops,Home,Portátil gaming Victus 15-fa2051ns - NVIDIA GeForce RTX 5050 8GB,BN0C5EA,1299.0
Spain,Laptops,Home,Portátil gaming OMEN 16-am0057ns - NVIDIA GeForce RTX 5060 8GB,BL2J2EA,1899.0
Spain,Laptops,Home,Portátil HP 15-fd0288ns con 3 años de garantía,BT2M9EA,799.0
Spain,Laptops,Home,Portátil HP 15-fd2002ns con 3 años de garantía,BT2N2EA,999.0
Spain,Laptops,Home,Portátil HP 15-fd0285ns con 3 años de garantía,BT2M6EA,599.0
Spain,Laptops,Home,Portátil HP 15-fc0187ns con 3 años de garantía,BT2Q3EA,699.0
Spain,Laptops,Home,Portátil táctil convertible HP OmniBook 5 14-fp0033ns con 3 años de garantía,BH5G7EA,799.0
Spain,Laptops,Home,Portátil HP 15-fd0284ns con 3 años de garantía,BT2M5EA,499.0
Spain,Laptops,Home,Portátil táctil convertible HP OmniBook X 14-fm0016ns con 3 años de garantía - Con Inteligencia Artificial,BH5G4EA,1399.0
Spain,Laptops,Home,Portátil HP 15-fd0382ns con 3 años de garantía,C67GVEA,499.0
Spain,Laptops,Home,Portátil HP 15-fc0188ns con 3 años de garantía,BT2Q4EA,799.0
Spain,Laptops,Home,Portátil HP OmniBook 5 16-af1014ns con 3 años de garantía - Con Inteligencia Artificial,BH5J3EA,1199.0
Spain,Laptops,Home,Portátil HP Omnibook 7 14-fr0026ns con 3 años de garantía - Con Inteligencia Artificial,BK7G5EA,1299.0
Spain,Laptops,Home,Portátil HP 15-fc0173ns con 3 años de garantía,BT2K4EA,579.0
Spain,Laptops,Home,Portátil HP OmniBook 5 16-bf0005ns con 3 años de garantía - Con Inteligencia Artificial,C0LH1EA,999.0
Spain,Laptops,Home,Portátil HP OmniBook 5 14-he0007ns con 3 años de garantía - Con Inteligencia Artificial,C0BT6EA,999.0
Spain,Laptops,Home,Portátil HP OmniBook 5 14-he0006ns con 3 años de garantía - Con Inteligencia Artificial,C0BT5EA,799.0
Spain,Laptops,Home,Portátil gaming OMEN 16-am0055ns - NVIDIA GeForce RTX 5060 8GB,BP4F8EA,1599.0
Spain,Laptops,Home,Portátil gaming OMEN 16-am0056ns - NVIDIA GeForce RTX 5070 8GB,BP4W2EA,1799.0
Spain,Laptops,Home,Portátil HP OmniBook 5 16-bf0004ns con 3 años de garantía - Con Inteligencia Artificial,C0LG9EA,799.0
Spain,Laptops,Home,Portátil HP 15-fd0167ns con 3 años de garantía,B44Z4EA,349.0
Spain,Laptops,Business,"Portátil Profesional HP 250R G10 15"" con 3 años de garantía - Con Inteligencia Artificial",C5VN1ET,676.39
Spain,Laptops,Business,"Portatil Profesional HP ProBook 4 G1ah 16""",B9ZM8ET,906.29
Spain,Laptops,Business,Portátil Profesional HP ProBook 460 G11 con 3 años de garantía,A37X5ET,1015.0
Spain,Laptops,Business,Portátil Profesional HP ProBook 440 G11 con 3 años de garantía,A37X1ET,1200.01
Spain,Laptops,Business,"Portátil Profesional HP 240R G10 14"" con 3 años de garantía",C5VM7ET,676.39
Spain,Laptops,Business,Portátil Profesional HP ProBook 440 G11 con 3 años de garantía,A37WZET,1067.99
Spain,Laptops,Business,"Portátil Profesional HP ProBook 4 G1i 14"" con 3 años de garantía - Con Inteligencia Artificial",B9ZM5ET,1250.0
Spain,Laptops,Business,"Portátil Profesional HP 240R G10 14"" con 3 años de garantía",C5VM9ET,1056.0
Spain,Laptops,Business,"Portátil Profesional HP ProBook 4 G1ah 14"" con 3 años de garantía",B9ZM7ET,869.99
Spain,Laptops,Business,"Portátil Profesional HP EliteBook 8 G1a 14"" con 3 años de garantía - Con Inteligencia Artificial",C15BBET,1841.5
Spain,Laptops,Business,"Portátil Profesional HP EliteBook X Flip G1i 14"" Edición Wolf Pro Security con 3 años de garantía - Con Inteligencia Artificial",B69BNET,2358.29
Spain,Laptops,Business,"Portátil Profesional HP EliteBook Ultra G1q 14"" con 3 años de garantía - Con Inteligencia Artificial",A36ZJET,1690.67
Spain,Laptops,Business,"Portátil Profesional HP EliteBook X G1a 14"" Edición Wolf Pro Security con 3 años de garantía - Con Inteligencia Artificial",B68YVET,1904.66
Spain,Laptops,Business,"Portátil Profesionall HP EliteBook Ultra G1i 14"" con IA con 3 años de garantía",B69BDET,1741.64
Spain,Laptops,Business,"Portátil Profesional HP EliteBook X Flip G1i 14"" Edición Wolf Pro Security con 3 años de garantía - Con Inteligencia Artificial",B69D7ET,1741.32
Spain,Laptops,Business,"Portatil Profesional HP EliteBook 8 G1i 14"" con IA",C15B7ET,1800.0
Spain,Laptops,Business,"Portátil Profesional HP EliteBook 8 G1i 16"" con 3 años de garantía - Con Inteligencia Artificial",C15B8ET,2284.0
Spain,Laptops,Business,"Portátil Profesional HP EliteBook X G1i 14"" Edición Wolf Pro Security con 3 años de garantía - Con Inteligencia Artificial",B68ZYET,2176.79
Spain,Laptops,Business,"Portátil Profesional HP EliteBook 8 G1a 13"" con 3 años de garantía",C15B9ET,1562.72
Spain,Laptops,Business,Portátil Profesional HP ProBook 460 G11 con 3 años de garantía,A37XJET,889.45
Spain,Laptops,Business,Workstation Portátil HP Zbook Power 16 G11a con 3 años de garantía,A3YZ1ET,1601.89
Spain,Laptops,Business,Workstation Portátil HP Zbook Power 16 G11a con 3 años de garantía,A3YZ0ET,1954.15
Spain,Laptops,Business,Workstation Portátil HP ZBook Fury 16 G11 con 3 años de garantía,98K26ET,4531.26
Spain,Laptops,Business,Workstation Portátil HP Zbook Fury 16 G11 con 3 años de garantía,98K48ET,2145.69
Spain,Laptops,Business,Workstation Portátil HP ZBook 8 G1ak de 14 con 3 años de garantía,B72TQET,1511.29
Spain,Laptops,Business,Workstation Portátil HP ZBook 8 G1as de 14 con 3 años de garantía,B72TRET,1995.29
Spain,Laptops,Business,Workstation Portátil HP ZBook Ultra G1a de 14 con 3 años de garantía,B72TPET,2539.79
Spain,Laptops,Business,Workstation Portátil HP ZBook 8 G1i de 16,B72TNET,2866.49
Spain,Desktops,Home,PC All-in-One HP 22-dg0016ns con 3 años de garantía,A49W0EA,599.0
Spain,Desktops,Home,PC All-in-One HP 24-cr0134ns con 3 años de garantía,B98JLEA,829.0
Spain,Desktops,Home,PC All in One HP 27-cr0012ns con 3 años de garantía,8L8R6EA,949.0
Spain,Desktops,Home,PC HP OmniDesk M03-0018ns con 3 años de garantía - Con Inteligencia Artificial,B98JZEA,849.0
Spain,Desktops,Home,PC All-in-One Táctil HP 27-cr0092ns con 3 años de garantía,B98JMEA,999.0
Spain,Desktops,Home,PC HP OmniDesk M02-0023ns con 3 años de garantía - Con Inteligencia Artificial,B98JXEA,1049.0
Spain,Desktops,Home,PC All-in-One HP 27-cr2008ns con 3 años de garantía - Con Inteligencia Artificial,BV1S0EA,1299.0
Spain,Desktops,Home,PC All-in-One HP OmniStudio X 27-cs1009ns con 3 años de garantía - Con Inteligencia Artificial,C2YN8EA,1549.01
Spain,Desktops,Home,PC All-in-One Táctil HP 24-cr0025ns con 3 años de garantía,8L8R5EA,799.0
Spain,Desktops,Home,PC All-in-One Táctil HP 24-cr0156ns con 3 años de garantía,BV1R6EA,899.01
Spain,Desktops,Home,PC All-in-One HP OmniStudio X 27-cs0017ns con 3 años de garantía - Con Inteligencia Artificial,BL0C6EA,1499.0
Spain,Desktops,Home,PC All-in-One HP OmniStudio X 32-c1003ns con 3 años de garantía - Con Inteligencia Artificial,B98JQEA,1799.0
Spain,Desktops,Home,PC HP OmniDesk M03-0017ns con 3 años de garantía - Con Inteligencia Artificial,B98JYEA,1129.0
Spain,Desktops,Home,PC All-in-One HP 24-cr0026ns con 3 años de garantía,8L8R7EA,749.0
Spain,Desktops,Home,PC All-in-One HP 24-cr2005ns con 3 años de garantía - Con Inteligencia Artificial,BV1R7EA,1098.99
Spain,Desktops,Home,PC All-in-One HP 24-cr2005ns con 3 años de garantía - Con Inteligencia Artificial,BV1R8EA,969.0
Spain,Desktops,Home,PC All-in-One HP 24-ct2000ns con 3 años de garantía - Con Inteligencia Artificial,B98LQEA,999.0
Spain,Desktops,Home,PC All-in-One HP OmniStudio X 27-cs1007ns con 3 años de garantía - Con Inteligencia Artificial,B98JNEA,1299.0
Spain,Desktops,Home,PC All-in-One HP 27-cr2009ns con 3 años de garantía - Con Inteligencia Artificial,BV1S1EA,999.0
Spain,Desktops,Home,PC All-in-One HP OmniStudio X 32-c0000ns con 3 años de garantía - Con Inteligencia Artificial,B0PH3EA,1999.0
Spain,Desktops,Home,PC gaming OMEN 35L GT16-0102ns - NVIDIA GeForce RTX 5080 16GB,BH8D2EA,3529.0
Spain,Desktops,Home,PC All-in-One HP 27-ct2000ns con 3 años de garantía - Con Inteligencia Artificial,B98JPEA,1129.0
Spain,Desktops,Home,PC gaming OMEN 35L GT16-0116ns - NVIDIA GeForce RTX 5070 12GB,BU6A6EA,2429.0
Spain,Desktops,Home,PC HP OmniDesk M02-0026ns con 3 años de garantía,C68L9EA,1098.99
Spain,Desktops,Home,PC gaming OMEN 16L TG03-0047ns - NVIDIA GeForce RTX 3050 8GB,BU6A8EA,1098.99
Spain,Desktops,Home,PC All-in-One HP OmniStudio X 32-c1006ns con 3 años de garantía - Con Inteligencia Artificial,C2YN9EA,1549.01
Spain,Desktops,Home,PC gaming OMEN 45L GT22-3007ns - NVIDIA® GeForce RTX™ 5090 32 GB,B93MWEA,5099.0
Spain,Desktops,Home,PC HP OmniDesk M02-0022ns con 3 años de garantía - Con Inteligencia Artificial,B98JWEA,799.0
Spain,Desktops,Home,PC gaming OMEN 16L TG03-0048ns - NVIDIA GeForce RTX 3050 8GB,B98K2EA,999.0
Spain,Desktops,Home,PC gaming OMEN 16L TG03-0100ns - NVIDIA GeForce RTX 5050 8GB,C68LCEA,1199.0
Spain,Desktops,Home,PC All-in-One HP 24-ct2006ns con 3 años de garantía - Con Inteligencia Artificial,C64S7EA,929.0
Spain,Desktops,Home,PC gaming OMEN 17L  TG03-0083ns - NVIDIA GeForce RTX 5060 8GB,BX8V7EA,1399.0
Spain,Desktops,Home,PC gaming OMEN 35L GT16-0115ns - NVIDIA GeForce RTX 5070 Ti (16GB),BU6A5EA,2999.0
Spain,Desktops,Home,PC gaming OMEN 16L TG03-0067ns - NVIDIA GeForce RTX 5060 8GB,C68LBEA,1599.0
Spain,Desktops,Home,PC gaming OMEN 35L GT16-0086ns - NVIDIA GeForce RTX 5070 12GB,B98JSEA,1999.0
Spain,Desktops,Home,PC Gaming OMEN 35L GT16-0087ns - NVIDIA® GeForce RTX™ 5080 (16 GB),B98JTEA,3199.0
Spain,Desktops,Home,PC gaming OMEN 35L GT16-1001ns - NVIDIA GeForce RTX 5080 16GB,C68N0EA,3529.0
Spain,Desktops,Home,PC HP OmniDesk S03-0021ns con 3 años de garantía - Con Inteligencia Artificial,B98K0EA,769.0
Spain,Desktops,Home,PC All-in-One HP 27-cr0013ns con 3 años de garantía,8L8R8EA,799.0
Spain,Desktops,Home,PC gaming OMEN 35L GT16-0124ns - NVIDIA GeForce RTX 5060 8GB,C52VMEA,1999.0
Spain,Desktops,Home,Fuente de Alimentación Modular OMEN 1000W ATX 3.1 80 Plus Gold,A4WK3AA,199.99
Spain,Desktops,Business,Sobremesa HP ProOne 245 G10,BY7B9ET,748.99
Spain,Desktops,Business,PC Profesional Torre HP Pro 400 G9 con 3 años de garantía,C90U4ET,882.09
Spain,Desktops,Business,PC Profesional HP Elite Mini 800 G9 Edición Wolf Pro Security con 3 años de garantía,998X4ET,1293.49
Spain,Desktops,Business,PC Profesional All-in-One táctil HP EliteOne 840 G9 Edición Wolf Pro Security con 3 años de garantía,A55RVET,1414.49
Spain,Desktops,Business,PC Profesional HP Elite 800 G9 Edición Wolf Pro Security con 3 años de garantía,A55RSET,1450.78
Spain,Desktops,Business,PC Profesional HP ProDesk 4 G1i con 3 años de garantía - Con Inteligencia Artificial,9H7U0ET,1117.0
Spain,Desktops,Business,PC Profesional All-in-One HP EliteOne 870 G9 con 5 años de garantía,A55RTET,1753.29
Spain,Desktops,Business,PC Profesional torre HP Elite 800 G9 Edición Wolf Pro Security con 3 años de garantía,A55RRET,1535.49
Spain,Desktops,Business,Sobremesa HP ProOne 240 G10,BY7B8ET,845.79
Spain,Desktops,Business,PC Profesional Torre HP Pro 400 G9 con 3 años de garantía,C90V4ET,1087.79
Spain,Desktops,Business,Portátil HP Pro 400 G9 con 3 años de garantía,C91GQET,1090.21
Spain,Desktops,Business,PC All in One HP ProOne 440 G9,C90SHET,918.39
Spain,Desktops,Business,PC Profesional HP Pro Mini 260 G9 con 3 años de garantía,BY7B4ET,531.19
Spain,Desktops,Business,Workstation SFF HP Z2 G9 con 3 años de garantía,997F4ET,1328.62
Spain,Desktops,Business,Workstation Torre HP Z2 G9 con 3 años de garantía,A40HVET,1577.46
Spain,Desktops,Business,Workstation HP Z2 Mini G1i con 3 años de garantía,B76SBET,3670.72
Spain,Desktops,Business,Workstation Torre HP Z1 Tower G1i con 3 años de garantía,B76SFET,1719.65
Spain,Desktops,Business,Workstation HP Z2 SFF G1i con 3 años de garantía,B76SCET,2357.32
Spain,Desktops,Business,Workstation HP Z2 Mini G1a con 3 años de garantía,B76SGET,2377.89
Spain,Desktops,Business,Workstation Torre HP Z2 G1i con 3 años de garantía,B76SDET,2883.91
Spain,Monitors,Home,"Monitor Serie 5 HP 527sw 27"" FHD (1920x1080, IPS, 100 Hz, 5ms)",94F46AA,149.0
Spain,Monitors,Home,"Monitor Serie 5 HP 524sw  de 23.8"" FHD Blanco (1920x1080, IPS, 100 Hz, 5ms)",94C21AA,139.0
Spain,Monitors,Home,"Monitor Serie 5 HP 527sa 27"" FHD con Altavoces Integrados (1920x1080, IPS, 100 Hz, 5ms)",94F48AA,189.0
Spain,Monitors,Home,"Monitor Gaming OMEN 24 (23,8"") FHD, respuesta 1ms/165 Hz",780D9AA,149.0
Spain,Monitors,Home,"Monitor Serie 5 HP 524sf de 60,5 cm (23.8""), FHD",94C17AA,119.0
Spain,Monitors,Home,"Monitor Serie 5 HP 532sf 31.5"" FHD (1920x1080, VA, 100 Hz, 7ms)",94F50AA,199.0
Spain,Monitors,Home,"Monitor Serie 5 HP 527sf de 68,6 cm (27"") FHD (1920x1080, IPS, 100 Hz, 5ms)",94F44AA,199.0
Spain,Monitors,Home,"Monitor Gaming OMEN 32c (32"") QHD, respuesta 1ms/165 Hz",780K6E9,319.0
Spain,Monitors,Home,"Monitor Gaming OMEN 32q  (32"") QHD, respuesta 1ms/165 Hz",780K0E9,299.0
Spain,Monitors,Home,HP V22v G5,65P56AA,99.0
Spain,Monitors,Home,"Monitor gaming OMEN 27qs (27"") QHD,  respuesta 1ms/240 Hz",780J4E9,599.0
Spain,Monitors,Home,Monitor para gaming QHD OMEN a 180 Hz y de 27 pulgadas: OMEN 27q G2,AV4H6AA,269.0
Spain,Monitors,Home,Monitor para gaming FHD OMEN a 180 Hz y de 27 pulgadas: OMEN 27 G2,AV4K1AA,199.0
Spain,Monitors,Home,Monitor curvo para gaming WQHD OMEN a 180 Hz y de 34 pulgadas: OMEN 34c G2,AV4C1AA,399.0
Spain,Monitors,Home,OMEN 27qs G2 QHD 240Hz Gaming,AW3V0AA,399.0
Spain,Monitors,Home,"Monitor gaming inteligente OMEN by HP de 31,5 pulgadas, UHD, 144 Hz - OMEN 32x",99Z68E9,829.0
Spain,Monitors,Business,"Monitor HP E27m G4 de 68,6 cm (27"") QHD",40Z29AA,410.19
Spain,Monitors,Business,"Monitor FHD HP Pro de la serie 5 de 23,8 pulgadas: 524 pf",9D9L6UT,180.29
Spain,Monitors,Business,"Monitor HP E27 G5, 68,6 cm (27""), FHD",6N4E2AA,192.39
Spain,Monitors,Business,Monitor HP Pro de la serie 5 con resolución WUXGA de 24 pulgadas: 524 pn,9D9A7AA,204.49
Spain,Monitors,Business,"Monitor de videoconferencia FHD HP E24mv G4 de 60,45 cm (23,8"")",169L0AA,252.89
Spain,Monitors,Business,Monitor QHD USB-C HP Pro de la serie 5 de 27 pulgadas: 527pu,9E0G5AA,313.39
Spain,Monitors,Business,"Monitor Serie 3 Pro HP 324pf 23,8"" FHD (1920 x 1080 a 100 Hz)",9U5J5UT,143.99
Spain,Monitors,Business,Monitor QHD HP Pro de la serie 5 de 27 pulgadas: 527 pq,9D9S0UT,264.99
Spain,Monitors,Business,"Monitor Serie 5 HP 534pm de 34"" WQHD",9E0Z2UT,579.59
Spain,Monitors,Business,"Monitor curvo HP P34hc G4 WQHD de 86,36 cm (34""), WQHD",21Y56AA,446.49
Spain,Monitors,Business,"Monitor Serie 7 HP 724pf FHD (1920 x 1080, IPS, 100Hz, 5ms)",8X530AA,289.19
Spain,Monitors,Business,"Monitor Serie 7 HP 727pq de 27"" (68,6 cm)  - QHD",8J4D8E9,458.59
Spain,Monitors,Business,"Monitor Serie 7 HP 732pk de 32"" (80 cm) - UHD - 4k",8Y2K9E9,966.79
Spain,Monitors,Business,"Monitor Serie 7 HP 727pk  de 27"" ( 68,6 cm)  - 4K",8J9G2E9,688.49
Spain,Monitors,Business,"Monitor Serie 7 HP 727pu de 27""  (68,6 cm)  - QHD",8J9E6E9,603.79
Spain,Monitors,Business,"Monitor Serie 7 HP 724pn de 24""  (61 cm)  - WUXGA",8X534AA,308.55
Spain,Monitors,Business,"Monitor Serie 7 HP 734pm 34"" WQHD (3440 x 1440, IPS, 120Hz, 5ms)",8K157E9,1148.29
Spain,Monitors,Business,"Monitor HP Z24f G3 de 60,96 cm (24""),IPS, Full HD, Negro",3G828AA,289.19
Spain,Monitors,Business,"Monitor FHD USB-C HP Pro de la serie 5 de 23,8 pulgadas: 524pu",9D9V7AA,252.89
Spain,Monitors,Business,Monitor FHD HP de la serie 3 Pro de 27 pulgadas: 327ph,B0CG8UT,180.29
Spain,Monitors,Business,"Monitor FHD HP de la serie 3 Pro de 23,8 pulgadas: 324ph",B0BU9UT,156.09
Spain,Monitors,Business,HP Serie 3 Pro 322ph FHD,B0BN7UT,143.99
Spain,Monitors,Business,HP Series 7 Pro 727pm 4K Conferencing Monitor H,8K135AA,1079.32
